id,in_reply_to_status_id_str,text,user.verified,user.followers_count,retweet_count,favorite_count,entities.hashtags,entities.urls,label
552783667052167168,,"France: 10 people dead after shooting at HQ of satirical weekly newspaper #CharlieHebdo, according to witnesses http://t.co/FkYxGmuS58",True,129573,486,38,"[{'indices': [74, 87], 'text': 'CharlieHebdo'}]",[],true
552785375161499649,,BREAKING: 10 reportedly shot dead at Paris HQ of French weekly Charlie Hebdo http://t.co/5F1DOwzoCQ,True,972167,128,5,[],"[{'url': 'http://t.co/5F1DOwzoCQ', 'indices': [77, 99], 'expanded_url': 'http://ind.pn/1zTnIN8', 'display_url': 'ind.pn/1zTnIN8'}]",true
552791196247269378,,"BREAKING: At least 10 killed in shooting at French satirical newspaper Charlie Hebdo, Paris prosecutor's office says. http://t.co/mnAeA7j7fY",True,3029912,295,78,[],"[{'url': 'http://t.co/mnAeA7j7fY', 'indices': [118, 140], 'expanded_url': 'http://cnn.it/1xE3Qkz', 'display_url': 'cnn.it/1xE3Qkz'}]",true
552791578893619200,,Eleven dead in shooting at Paris offices of satirical magazine Charlie Hebdo – live updates http://t.co/gOtSqbwROc,True,3091451,338,28,[],"[{'url': 'http://t.co/gOtSqbwROc', 'indices': [92, 114], 'expanded_url': 'http://trib.al/tEfm9Sz', 'display_url': 'trib.al/tEfm9Sz'}]",true
552792544132997121,,BREAKING Charlie Hebdo latest: 11 dead 10 wounded (five critical) two gunmen unaccounted for http://t.co/kjW3uwCV0f http://t.co/9K8ICs97Be,True,973212,203,32,[],"[{'url': 'http://t.co/kjW3uwCV0f', 'indices': [93, 115], 'expanded_url': 'http://ind.pn/1zTr6rv', 'display_url': 'ind.pn/1zTr6rv'}]",true
552792802309181440,,#CharlieHebdo -  11 dead including 2 police in Paris shooting. Photo @MartinBureau1 #AFP http://t.co/aksGP63MB7,False,36037,114,17,"[{'indices': [0, 13], 'text': 'CharlieHebdo'}, {'indices': [84, 88], 'text': 'AFP'}]",[],true
552792913910833152,,"At least 11 dead in shooting at HQ of #CharlieHebdo in #Paris (police source)
https://t.co/e4dBcNVbvD",True,1253289,116,14,"[{'indices': [38, 51], 'text': 'CharlieHebdo'}, {'indices': [55, 61], 'text': 'Paris'}]","[{'url': 'https://t.co/e4dBcNVbvD', 'indices': [78, 101], 'expanded_url': 'https://amp.twimg.com/v/29607592-213b-472c-beda-d188e41135ef', 'display_url': 'amp.twimg.com/v/29607592-213…'}]",true
552793679082311680,,"11 confirmed dead, Francois Hollande to visit scene of attack - latest from Paris: http://t.co/7N7uvClhWY http://t.co/EgmxARAdEP",True,774627,144,21,[],"[{'url': 'http://t.co/7N7uvClhWY', 'indices': [83, 105], 'expanded_url': 'http://www.telegraph.co.uk/news/worldnews/europe/france/11329976/Paris-Charlie-Hebdo-attack-live.html', 'display_url': 'telegraph.co.uk/news/worldnews…'}]",true
552802654641225728,,Charlie Hebdo shooting latest: 12 dead and gunmen still at large http://t.co/6jRqXgPogM http://t.co/hO7lvftma5,False,53449,120,22,[],"[{'url': 'http://t.co/6jRqXgPogM', 'indices': [65, 87], 'expanded_url': 'http://i100.io/W5R7DKe', 'display_url': 'i100.io/W5R7DKe'}]",true
552805488631758849,,"At least 12 killed in today's attack on satirical magazine #CharlieHebdo in Paris, official says. http://t.co/zUfxcG3Rfs",True,22667902,1133,268,"[{'indices': [59, 72], 'text': 'CharlieHebdo'}]","[{'url': 'http://t.co/zUfxcG3Rfs', 'indices': [98, 120], 'expanded_url': 'http://cnn.it/1xE3Qkz', 'display_url': 'cnn.it/1xE3Qkz'}]",true
552806309540528128,,“@LePoint: #CharlieHebdo : “The cartoonists Charb &amp; cabu are dead.” http://t.co/7USD83cQd2 http://t.co/WGHbLiLFoX”,True,61134,309,44,"[{'indices': [11, 24], 'text': 'CharlieHebdo'}]","[{'url': 'http://t.co/7USD83cQd2', 'indices': [72, 94], 'expanded_url': 'http://lpnt.fr/1tIRx0P', 'display_url': 'lpnt.fr/1tIRx0P'}]",false
552806757672964097,,"UPDATE: 12 now confirmed dead in #CharlieHebdo attack in Paris, @AP is reporting. Story: http://t.co/Jfqmha1GdV (AP) http://t.co/vDCIFHIa9U",True,1408186,277,55,"[{'indices': [33, 46], 'text': 'CharlieHebdo'}]","[{'url': 'http://t.co/Jfqmha1GdV', 'indices': [89, 111], 'expanded_url': 'http://usat.ly/1IpqNci', 'display_url': 'usat.ly/1IpqNci'}]",true
552810448324943872,,"#CHARLIEHEBDO SHOOTING: Gunmen shouted 'we have avenged the prophet"" during attack - reports http://t.co/3Jsosc7yl3 http://t.co/nAerF1Ep7A",True,842416,141,28,"[{'indices': [0, 13], 'text': 'CHARLIEHEBDO'}]","[{'url': 'http://t.co/3Jsosc7yl3', 'indices': [93, 115], 'expanded_url': 'http://on.rt.com/k5ivya', 'display_url': 'on.rt.com/k5ivya'}]",unverified
552811386259386370,,At least 12 dead in the Paris shooting. Updated story and background info: http://t.co/QlPpQ2ss8j #CharlieHebdo http://t.co/DwMlafsD6K,True,5571268,338,65,"[{'indices': [98, 111], 'text': 'CharlieHebdo'}]","[{'url': 'http://t.co/QlPpQ2ss8j', 'indices': [75, 97], 'expanded_url': 'http://on.wsj.com/1ByEfdQ', 'display_url': 'on.wsj.com/1ByEfdQ'}]",true
552814494381256704,,UPDATE: #CharlieHebdo's editor-in-chief was killed in attack - Magazine's lawyer http://t.co/kLKwMSlo7g,True,61410,220,42,"[{'indices': [8, 21], 'text': 'CharlieHebdo'}]",[],false
552816020403269632,,"Looks like every Charlie Hebdo cartoonist has been killed: 1. Charb - was on Al-Qaeda's hit list; 2. Cabu, 3. Wolinski, 4. Tignous",False,3030,175,25,[],[],unverified
552821069036670976,,"4 #CharlieHebdo cartoonists killed:

- Charb
- Cabu
- Tignous
- Georges Wolinski

#JeSuisCharlie http://t.co/QbaEYog2S2",True,115106,912,192,"[{'indices': [2, 15], 'text': 'CharlieHebdo'}, {'indices': [82, 96], 'text': 'JeSuisCharlie'}]",[],unverified
552832817089236992,,Stills from eyewitness video show two #CharlieHebdo attackers wearing hoods &amp; black clothing shoot a wounded man http://t.co/IX8Wys3p5M,True,13329,101,33,"[{'indices': [38, 51], 'text': 'CharlieHebdo'}]",[],true
552833028201144320,,URGENT: 3 gunmen involved in deadly attack on #CharlieHebdo - French interior minister http://t.co/3Jsosc7yl3 #Paris http://t.co/9fqT2P6yhV,True,840871,152,40,"[{'indices': [46, 59], 'text': 'CharlieHebdo'}, {'indices': [110, 116], 'text': 'Paris'}]","[{'url': 'http://t.co/3Jsosc7yl3', 'indices': [87, 109], 'expanded_url': 'http://on.rt.com/k5ivya', 'display_url': 'on.rt.com/k5ivya'}]",false
552834961762709505,,Paris Manhunt: 3 #CharlieHebdo attackers with AK-47 rifles &amp; reportedly rocket-propelled grenade still at large http://t.co/3Jsosc7yl3,True,841061,107,18,"[{'indices': [17, 30], 'text': 'CharlieHebdo'}]","[{'url': 'http://t.co/3Jsosc7yl3', 'indices': [116, 138], 'expanded_url': 'http://on.rt.com/k5ivya', 'display_url': 'on.rt.com/k5ivya'}]",true
552848620375261184,,Witnesses say the Charlie Hebdo gunmen identified themselves as members of al-Qaida: http://t.co/WSEe7PGIdY http://t.co/fTzk4xzZIr,True,1254546,149,28,[],"[{'url': 'http://t.co/WSEe7PGIdY', 'indices': [85, 107], 'expanded_url': 'http://slate.me/1wqsEIr', 'display_url': 'slate.me/1wqsEIr'}]",unverified
552978099357237248,,"Most compelling image I've seen to come out of horrifying events in Paris, courtesy of Banksy. #JeSuisCharlie http://t.co/EKBfbRR3HT",False,1337,190,98,"[{'indices': [95, 109], 'text': 'JeSuisCharlie'}]",[],false
552978184413921281,,#Banksy's take on #CharlieHebdo. #JeSuisCharlie #NousSommesCharlie http://t.co/f6Y07d9fJ1,True,18212,125,63,"[{'indices': [0, 7], 'text': 'Banksy'}, {'indices': [18, 31], 'text': 'CharlieHebdo'}, {'indices': [33, 47], 'text': 'JeSuisCharlie'}, {'indices': [48, 66], 'text': 'NousSommesCharlie'}]",[],false
552982613288157184,,Banksy says #JeSuisCharlie in a beautiful way (vi @lukeeve) http://t.co/GKFP5xVAoc,False,3500,100,69,"[{'indices': [12, 26], 'text': 'JeSuisCharlie'}]",[],false
552984502063337472,,#UPDATE Three men including two brothers identified in France newspaper attack: source http://t.co/5NoNuqJSu1 #JeSuisCharlie #CharlieHebdo,True,297225,107,18,"[{'indices': [0, 7], 'text': 'UPDATE'}, {'indices': [110, 124], 'text': 'JeSuisCharlie'}, {'indices': [125, 138], 'text': 'CharlieHebdo'}]","[{'url': 'http://t.co/5NoNuqJSu1', 'indices': [87, 109], 'expanded_url': 'http://u.afp.com/Rhs', 'display_url': 'u.afp.com/Rhs'}]",true
552996335319007233,,"RT @JeffersonObama: R.I.P. Ahmed Merabet, a French #Muslim Cop, first victim of #CharlieHebdo attack http://t.co/TMQsJCCKB5",False,4656,155,57,"[{'indices': [51, 58], 'text': 'Muslim'}, {'indices': [80, 93], 'text': 'CharlieHebdo'}]",[],false
553107921081749504,,"Two shot in Paris, including traffic cop, as manhunt continues for #CharlieHebdo suspects http://t.co/L7wpNhAYZn http://t.co/oQi2UinDH1",True,2002702,115,37,"[{'indices': [67, 80], 'text': 'CharlieHebdo'}]","[{'url': 'http://t.co/L7wpNhAYZn', 'indices': [90, 112], 'expanded_url': 'http://nbcnews.to/1tQ7Xds', 'display_url': 'nbcnews.to/1tQ7Xds'}]",true
553152395371630592,,This widely shared cartoon about the #CharlieHebdo attack is actually by @LucilleClerc and not #Banksy http://t.co/HxKI8pefcU,True,58928,1260,601,"[{'indices': [37, 50], 'text': 'CharlieHebdo'}, {'indices': [95, 102], 'text': 'Banksy'}]",[],false
553160652567498752,,French police: Said Kouachi and Cherif Kouachi wanted in Paris terror attack: http://t.co/0WbSnKIrgE http://t.co/wjmMg9LveB,True,3847705,121,38,[],"[{'url': 'http://t.co/0WbSnKIrgE', 'indices': [78, 100], 'expanded_url': 'http://abcn.ws/1tLG0hd', 'display_url': 'abcn.ws/1tLG0hd'}]",true
553164985460068352,,The #CharlieHebdo attack suspects have reportedly fired shots while robbing a petrol station http://t.co/joSfDCybpI http://t.co/7xQIrb4vbU,True,1786968,186,38,"[{'indices': [4, 17], 'text': 'CharlieHebdo'}]","[{'url': 'http://t.co/joSfDCybpI', 'indices': [93, 115], 'expanded_url': 'http://news.sky.com/story/1404236/shots-fired-in-paris-suspects-robbery', 'display_url': 'news.sky.com/story/1404236/…'}]",unverified
553184482241814530,,"I am still confused as to why these ""highly trained"" individuals left their ID in the getaway car. #CharlieHebdo",True,18359,154,123,"[{'indices': [99, 112], 'text': 'CharlieHebdo'}]",[],unverified
553197863971610624,,The last person killed in Charlie Hebdo attacks was Muslim police officer http://t.co/qQXNLUDYPG http://t.co/PJH6tlyrpC,True,972944,182,38,[],"[{'url': 'http://t.co/qQXNLUDYPG', 'indices': [74, 96], 'expanded_url': 'http://ind.pn/1yE1GTq', 'display_url': 'ind.pn/1yE1GTq'}]",false
553212962044149761,,"Paris says highest alert level extended north to region where attack suspects spotted - @AFP, @MelissaBellF24 https://t.co/pj8kecnVt7",True,7194749,115,33,[],"[{'url': 'https://t.co/pj8kecnVt7', 'indices': [110, 133], 'expanded_url': 'https://www.breakingnews.com/topic/shots-fired-at-french-satirical-magazine-charlie-hebdo/', 'display_url': 'breakingnews.com/topic/shots-fi…'}]",unverified
553221600955621376,,"Clarissa, 27 years old, police trainee of Montrouge Police in #France. Victim of this morning's attack. via @_batou_ http://t.co/kk0w0D6NNv",False,7444,101,28,"[{'indices': [62, 69], 'text': 'France'}]",[],true
553461741917863936,,Rural region of northern France searched in hunt for #CharlieHebdo gunmen - latest updates http://t.co/7iVIN3nqCv http://t.co/YrdUIOjrZF,True,8436669,191,160,"[{'indices': [53, 66], 'text': 'CharlieHebdo'}]","[{'url': 'http://t.co/7iVIN3nqCv', 'indices': [91, 113], 'expanded_url': 'http://bbc.in/1xY6Kzd', 'display_url': 'bbc.in/1xY6Kzd'}]",unverified
553467311261503488,,Reports of shooting at  Dammartin en Goele on route N2 north east of Paris - French media says car chase under way,False,6546,114,27,[],[],unverified
553470492565602305,,Car chase under way in Paris as gunfight breaks out. Reports of hostages. Latest from Paris: http://t.co/2J4WQdJnTp http://t.co/Lpd4hbiXai,True,477578,165,31,[],"[{'url': 'http://t.co/2J4WQdJnTp', 'indices': [93, 115], 'expanded_url': 'http://www.telegraph.co.uk/news/worldnews/europe/france/11329976/Paris-Charlie-Hebdo-attack-live.html', 'display_url': 'telegraph.co.uk/news/worldnews…'}]",unverified
553474188259102720,,"BREAKING: Shots fired, hostages taken in manhunt for #CharlieHebdo attackers, police say http://t.co/omBy6Wsgb7 http://t.co/ZbszAHyIzJ",True,2005324,306,78,"[{'indices': [53, 66], 'text': 'CharlieHebdo'}]","[{'url': 'http://t.co/omBy6Wsgb7', 'indices': [89, 111], 'expanded_url': 'http://nbcnews.to/1sbVQGz', 'display_url': 'nbcnews.to/1sbVQGz'}]",unverified
553476490315431937,,Police convoy and helicopters are rushing to scene to detain Charlie Hebdo massacre suspects http://t.co/XdUgohNDhv http://t.co/MSROYqs14o,True,820353,109,32,[],"[{'url': 'http://t.co/XdUgohNDhv', 'indices': [93, 115], 'expanded_url': 'http://dailym.ai/1KrFnE3', 'display_url': 'dailym.ai/1KrFnE3'}]",true
553476880339599360,,"DEVELOPING: Police pursuing #CharlieHebdo shooting suspects, helicopters deployed - LIVE FEED: http://t.co/GRxHibEau2 http://t.co/pDlmmCax1B",True,843768,101,19,"[{'indices': [28, 41], 'text': 'CharlieHebdo'}]","[{'url': 'http://t.co/GRxHibEau2', 'indices': [95, 117], 'expanded_url': 'http://on.rt.com/psgnqk', 'display_url': 'on.rt.com/psgnqk'}]",true
553478289474740224,,"#BREAKING : 1 dead, several injured in shootout North-East of Paris (French radio @RTLFrance ) http://t.co/LdSF5QeCiv #CharlieHebdo",True,1256888,150,17,"[{'indices': [0, 9], 'text': 'BREAKING'}, {'indices': [118, 131], 'text': 'CharlieHebdo'}]","[{'url': 'http://t.co/LdSF5QeCiv', 'indices': [95, 117], 'expanded_url': 'http://f24.my/YTliveEN', 'display_url': 'f24.my/YTliveEN'}]",false
553486439129038848,,BREAKING: French police tell AP suspects in #CharlieHebdo attack have taken a hostage northeast of Paris.,True,4733916,170,50,"[{'indices': [44, 57], 'text': 'CharlieHebdo'}]",[],false
553489393202499584,,"Paris Murder Suspects Cornered with Hostage
http://t.co/yzHJi4Hw54",True,6716455,101,24,[],"[{'url': 'http://t.co/yzHJi4Hw54', 'indices': [44, 66], 'expanded_url': 'http://ti.me/1tPV1Pa', 'display_url': 'ti.me/1tPV1Pa'}]",false
553501357156876290,,"#CharlieHebdo suspects ""prepared to die as martyrs"", they tell police after making contact - French media http://t.co/Qgmn70TXSU",True,12929794,712,183,"[{'indices': [0, 13], 'text': 'CharlieHebdo'}]","[{'url': 'http://t.co/Qgmn70TXSU', 'indices': [106, 128], 'expanded_url': 'http://bbc.in/1tSr0UC', 'display_url': 'bbc.in/1tSr0UC'}]",unverified
553503184174710784,,#CharlieHebdo shooting suspects tell police they 'prepared to die as martyrs' - French media http://t.co/G6eunBDIrj http://t.co/jOnfaapehF,True,843313,152,40,"[{'indices': [0, 13], 'text': 'CharlieHebdo'}]","[{'url': 'http://t.co/G6eunBDIrj', 'indices': [93, 115], 'expanded_url': 'http://on.rt.com/eblyob', 'display_url': 'on.rt.com/eblyob'}]",unverified
553505242554175489,,"Suspects in #CharlieHebdo attack spoke to police by phone and said they wanted to die as martyrs, says French MP. http://t.co/bGkMtT3lUF",True,3034977,173,30,"[{'indices': [12, 25], 'text': 'CharlieHebdo'}]","[{'url': 'http://t.co/bGkMtT3lUF', 'indices': [114, 136], 'expanded_url': 'http://cnn.it/1xXB3Jf', 'display_url': 'cnn.it/1xXB3Jf'}]",unverified
553506608203169792,,"Map shows industrial estate where 2 #CharlieHebdo suspects are holed up, surrounded by police http://t.co/hi9g8dxpiR http://t.co/Vw2L6SQcMH",True,12930336,588,215,"[{'indices': [36, 49], 'text': 'CharlieHebdo'}]","[{'url': 'http://t.co/hi9g8dxpiR', 'indices': [94, 116], 'expanded_url': 'http://bbc.in/1APCKrt', 'display_url': 'bbc.in/1APCKrt'}]",true
553508098825261056,,Police have surrounded this building where the suspected #CharlieHebdo attackers are holed-up http://t.co/B0TRvE2iYs http://t.co/becxNG0Kxi,True,2005680,216,69,"[{'indices': [57, 70], 'text': 'CharlieHebdo'}]","[{'url': 'http://t.co/B0TRvE2iYs', 'indices': [94, 116], 'expanded_url': 'http://nbcnews.to/1FyEXMd', 'display_url': 'nbcnews.to/1FyEXMd'}]",true
553512735192141826,,Update - AFP: an unnamed police source says the killing of the policewoman in #Paris on Thursday is linked to the #CharlieHebdo attack,True,1378961,108,28,"[{'indices': [78, 84], 'text': 'Paris'}, {'indices': [114, 127], 'text': 'CharlieHebdo'}]",[],true
553518472798683136,,MORE: Official: French terror suspects want to be martyrs; are holed up with hostage north of Paris: http://t.co/sJXudtGUOV,True,4551354,224,43,[],"[{'url': 'http://t.co/sJXudtGUOV', 'indices': [101, 123], 'expanded_url': 'http://apne.ws/1Iy4yB7', 'display_url': 'apne.ws/1Iy4yB7'}]",unverified
553531413459660800,,Update - AFP says gunman who has taken a hostage at kosher supermarket in Paris believed to be suspect in killing of policewoman on Thursday,True,1379153,323,27,[],[],true
553534838880608256,,#BREAKING Gunman in policewoman killing suspected in new Paris hostage-taking: source,True,306363,204,23,"[{'indices': [0, 9], 'text': 'BREAKING'}]",[],true
553535829017370625,,#BREAKING - At least five hostages in Paris kosher supermarket: (AFP) https://t.co/4yt6nafpIg #Vincennes http://t.co/Vnyhqye2ps,True,1258717,193,18,"[{'indices': [0, 9], 'text': 'BREAKING'}, {'indices': [94, 104], 'text': 'Vincennes'}]","[{'url': 'https://t.co/4yt6nafpIg', 'indices': [70, 93], 'expanded_url': 'https://www.youtube.com/watch?v=BFwedk4dBCc', 'display_url': 'youtube.com/watch?v=BFwedk…'}]",true
553538058440941568,,"MORE: France: Shooting, hostage-taking at kosher market in Paris; several reported wounded: http://t.co/5300zReVuq",True,4552026,348,41,[],"[{'url': 'http://t.co/5300zReVuq', 'indices': [92, 114], 'expanded_url': 'http://apne.ws/1tSJJiL', 'display_url': 'apne.ws/1tSJJiL'}]",unverified
553543369604210689,,"An 11-month old baby is among the hostages at the Kosher supermarket in Paris. Unbearably sad.
http://t.co/yXXlHehst9",False,10219,120,17,[],"[{'url': 'http://t.co/yXXlHehst9', 'indices': [95, 117], 'expanded_url': 'http://jpupdates.com/2015/01/09/breaking-gunman-takes-hostage-kosher-gocery-store-paris/', 'display_url': 'jpupdates.com/2015/01/09/bre…'}]",true
553544252563935234,,BREAKING: At least 2 killed in #Paris hostage situation via @AFP http://t.co/C2WrcWLUZh,True,4734519,151,43,"[{'indices': [31, 37], 'text': 'Paris'}]","[{'url': 'http://t.co/C2WrcWLUZh', 'indices': [65, 87], 'expanded_url': 'http://fxn.ws/1IygPFQ', 'display_url': 'fxn.ws/1IygPFQ'}]",unverified
553544694765215745,,French police publishes photos of suspect in yesterday's Montrouge shooting. Maybe the same persons in Kosher market http://t.co/j5nQIl4Ytu,True,6551,171,20,[],[],true
553548567420628992,,"AFP reports there are 2 dead, and 5 hostages being held in the Kosher store in Eastern Paris; separate incident to charlie hebdo shooters.",False,7910,105,11,[],[],unverified
553549686129561600,,UPDATE: Gunman in kosher grocery store is demanding the release of the suspects in #CharlieHebdo shooting - Reports http://t.co/1Y123fisl2,True,843601,304,41,"[{'indices': [83, 96], 'text': 'CharlieHebdo'}]",[],unverified
553550301886955520,,"BREAKING: One person seriously wounded, six taken hostage in incident at kosher supermarket in Paris: police source",True,5829920,745,119,[],[],unverified
553558982476828674,,"On Israeli TV, an Israeli woman speaks of her nephew,a mother with 6 month old baby, held hostage in the supermarket in Paris. #JeSuisJuif",True,26935,117,27,"[{'indices': [127, 138], 'text': 'JeSuisJuif'}]",[],true
553566026030272512,,"Breaking: Two hostage situations in France are linked, Paris prosecutor says",True,3851612,164,58,[],[],true
553575232867672064,,MORE: Official: gunman holding at least five hostages in Paris market has threatened to kill them if police approach: http://t.co/KId3U6zhCK,True,4554217,323,53,[],"[{'url': 'http://t.co/KId3U6zhCK', 'indices': [118, 140], 'expanded_url': 'http://apne.ws/1DsWOlV', 'display_url': 'apne.ws/1DsWOlV'}]",unverified
553576010898497536,,Breaking: Gunman at Paris store threatens to kill hostages if #CharlieHebdo suspects are harmed. http://t.co/YPIlwckuuw,True,5587299,227,39,"[{'indices': [62, 75], 'text': 'CharlieHebdo'}]","[{'url': 'http://t.co/YPIlwckuuw', 'indices': [97, 119], 'expanded_url': 'http://on.wsj.com/1Ksp9e2', 'display_url': 'on.wsj.com/1Ksp9e2'}]",unverified
553579224402235393,,"Hostage-taker at Paris store demands release of #KouachiBrothers, police union spokesman says. http://t.co/cTAJWVBmAO http://t.co/rYEGVIPAlU",True,3037554,129,28,"[{'indices': [48, 64], 'text': 'KouachiBrothers'}]","[{'url': 'http://t.co/cTAJWVBmAO', 'indices': [95, 117], 'expanded_url': 'http://cnn.it/1Ds26xN', 'display_url': 'cnn.it/1Ds26xN'}]",unverified
553586860334010368,,#CharlieHebdo killers shot dead by police,True,70731,275,131,"[{'indices': [0, 13], 'text': 'CharlieHebdo'}]",[],true
553586897168392192,,#BREAKING : Both Charlie Hebdo suspects killed as police storm building (police sources) http://t.co/OYSXRQ9xuv http://t.co/8ICThapo7z,True,83388,472,91,"[{'indices': [0, 9], 'text': 'BREAKING'}]","[{'url': 'http://t.co/OYSXRQ9xuv', 'indices': [89, 111], 'expanded_url': 'http://f24.my/YTliveEN', 'display_url': 'f24.my/YTliveEN'}]",true
553587013409325058,,#BREAKING Charlie Hebdo gunmen's hostage freed and safe after police assault,True,312461,2825,596,"[{'indices': [0, 9], 'text': 'BREAKING'}]",[],true
553587303172833280,,Police taking people out of #Paris grocery where hostages were being held. http://t.co/7Bxdhozq4H,True,22720010,676,318,"[{'indices': [28, 34], 'text': 'Paris'}]","[{'url': 'http://t.co/7Bxdhozq4H', 'indices': [75, 97], 'expanded_url': 'http://cnn.it/1Ds26xN', 'display_url': 'cnn.it/1Ds26xN'}]",true
553587672137334785,,AFP: suspected #CharlieHebdo gunmen have been killed,True,1380388,1499,572,"[{'indices': [15, 28], 'text': 'CharlieHebdo'}]",[],true
553588178687655936,,Reports: #CharlieHebdo suspects killed http://t.co/rsl4203bcQ,True,5071213,217,84,"[{'indices': [9, 22], 'text': 'CharlieHebdo'}]","[{'url': 'http://t.co/rsl4203bcQ', 'indices': [39, 61], 'expanded_url': 'http://huff.to/1xMc9KH', 'display_url': 'huff.to/1xMc9KH'}]",true
553589051044151296,,Several hostages freed at Jewish supermarket in Paris. Photo Thomas Samson #AFP http://t.co/9AwTF3sRYK,False,37396,163,31,"[{'indices': [75, 79], 'text': 'AFP'}]",[],true
553590459688570880,,Several hostages freed at Jewish supermarket in Paris. Photo Thomas Samson #AFP http://t.co/C9ltgMT0Wl,False,37363,2517,698,"[{'indices': [75, 79], 'text': 'AFP'}]",[],true
553590835850514433,,"Hostage-taker in supermarket siege killed, reports say. #ParisAttacks http://t.co/0jxoozr8mN http://t.co/sY4M9Vox3L",True,1798094,243,108,"[{'indices': [56, 69], 'text': 'ParisAttacks'}]","[{'url': 'http://t.co/0jxoozr8mN', 'indices': [70, 92], 'expanded_url': 'http://news.sky.com/story/1405106/paris-supermarket-siege-explosions-heard', 'display_url': 'news.sky.com/story/1405106/…'}]",true
521346721226711040,,Unconfirmed reports claim that Michael Essien has contracted Ebola. http://t.co/VASQrZdLhH,False,7416,575,85,[],[],false
521360486387175424,,AC Milan midfielder Michael Essien has been diagnosed with Ebola. Get well soon Michael. [Daily Times] http://t.co/r6y8d9HMAw,False,115868,781,328,[],[],false
498280126254428160,,"Mike Brown was staying with his grandmother for the summer, who lived in the community. #Ferguson",True,133561,146,46,"[{'indices': [88, 97], 'text': 'Ferguson'}]",[],unverified
498430783699554305,,Witness: Police allegedly stopped Mike Brown after yelling at him to walk on sidewalk. #Ferguson http://t.co/XG00R6w0k6,True,133554,288,53,"[{'indices': [87, 96], 'text': 'Ferguson'}]",[],true
499366666300846081,,Line of police cars with high beams on greets anyone trying to enter #Ferguson. It's shut down. No media allowed. http://t.co/bk6jFFM7jj,False,201086,155,37,"[{'indices': [69, 78], 'text': 'Ferguson'}]",[],unverified
499368931367608320,,"Currently the #FoxNews website has zero, repeat, ZERO coverage of the #Ferguson protests, probably due to lack of cowboy hats.",False,11052,112,93,"[{'indices': [14, 22], 'text': 'FoxNews'}, {'indices': [70, 79], 'text': 'Ferguson'}]",[],unverified
499456140044824576,,St. Louis Co Police tell me ofcr shot a man who pointed handgun at him at Chambers &amp; Sheffingdell at about 1 a.m. Man in critical. #ferguson,True,2422,185,23,"[{'indices': [135, 144], 'text': 'ferguson'}]",[],unverified
499530130487017472,,A woman in #Ferguson was shot in head last night and released this selfie. Conflicting reports of how it happened: http://t.co/25WX6EkquG,True,133403,435,73,"[{'indices': [11, 20], 'text': 'Ferguson'}]",[],unverified
499612545909415938,,"Nearly 7k blacks were murdered last yr--almost all by other blacks. A tiny % were unarmed-killed-by-cop.
Where's Al, Jesse?
#tcot #ferguson",True,50984,120,41,"[{'indices': [124, 129], 'text': 'tcot'}, {'indices': [130, 139], 'text': 'ferguson'}]",[],unverified
500258409988763649,,"Name of #Ferguson cop is expected to be released by 9 ET, police chief says: http://t.co/NhMsTgfzYi (J.B. Forbes, AP) http://t.co/7LU1iT1EKB",True,1208620,100,38,"[{'indices': [8, 17], 'text': 'Ferguson'}]","[{'url': 'http://t.co/NhMsTgfzYi', 'indices': [77, 99], 'expanded_url': 'http://usat.ly/1oAadlh', 'display_url': 'usat.ly/1oAadlh'}]",unverified
500270780832174080,,Police in #Ferguson plan to release name of officer who shot unarmed teen Michael Brown: http://t.co/oqns3yVfTx http://t.co/9fb09WUtdN,True,53516,125,48,"[{'indices': [10, 19], 'text': 'Ferguson'}]","[{'url': 'http://t.co/oqns3yVfTx', 'indices': [89, 111], 'expanded_url': 'http://reut.rs/1oVcJ4D', 'display_url': 'reut.rs/1oVcJ4D'}]",unverified
500278045597368320,,URGENT: Darren Wilson is the police officer who shot Mike Brown http://t.co/RZ1eYcKpiY #Ferguson http://t.co/D2HyKchWvq,True,722151,195,50,"[{'indices': [87, 96], 'text': 'Ferguson'}]","[{'url': 'http://t.co/RZ1eYcKpiY', 'indices': [64, 86], 'expanded_url': 'http://on.rt.com/4hyzu4', 'display_url': 'on.rt.com/4hyzu4'}]",unverified
500279160795721728,,"Question for #Ferguson police chief? If OFFICER DARREN WILSON was in pursuit of a robbery suspect, why tell kids to get out of the road? LIE",False,11082,245,114,"[{'indices': [13, 22], 'text': 'Ferguson'}]",[],unverified
500279189405433858,,"That was very ""SLICK"" of the Police Chief to create a narrative that #MikeBrown was a ""suspect"" in a robbery!  #Ferguson",False,58301,109,58,"[{'indices': [69, 79], 'text': 'MikeBrown'}, {'indices': [111, 120], 'text': 'Ferguson'}]",[],unverified
500280422295937024,,Darren Wilson is a six year veteran of the #Ferguson Police and had no disciplinary actions against him.,True,19134,139,10,"[{'indices': [43, 52], 'text': 'Ferguson'}]",[],unverified
500280838710247424,,"Police reports released this morning indicate Mike Brown was a suspect in a ""strong-armed"" robbery in #Ferguson",False,2694,156,35,"[{'indices': [102, 111], 'text': 'Ferguson'}]",[],unverified
500281094239817728,,#MikeBrown wanted to walk down the street. And he is dead. And the #Ferguson PD is using his silence in death to make him a criminal.,False,13953,108,38,"[{'indices': [0, 10], 'text': 'MikeBrown'}, {'indices': [67, 76], 'text': 'Ferguson'}]",[],unverified
500281131057811456,,"BREAKING NEWS: According to documents released to the press, #MikeBrown was connected to an earlier robbery #Ferguson http://t.co/LuCR9711S0",False,18738,105,40,"[{'indices': [61, 71], 'text': 'MikeBrown'}, {'indices': [108, 117], 'text': 'Ferguson'}]",[],unverified
500284699546517505,,If there is surveillance of a robbery why release stills and not the video itself? #Ferguson,False,15127,125,60,"[{'indices': [83, 92], 'text': 'Ferguson'}]",[],unverified
500286058664579072,,Update: #Ferguson police release stills from convenience store footage showing robbery http://t.co/rl0RgIphUp http://t.co/PHUofG7mJR,True,4259965,219,62,"[{'indices': [8, 17], 'text': 'Ferguson'}]","[{'url': 'http://t.co/rl0RgIphUp', 'indices': [87, 109], 'expanded_url': 'http://on.mash.to/1rADYzH', 'display_url': 'on.mash.to/1rADYzH'}]",unverified
500288349924782080,,Did anyone think of comparing the clothes that #MikeBrown was wearing when he was laying on the street to the security footage? #Ferguson,False,18662,331,141,"[{'indices': [47, 57], 'text': 'MikeBrown'}, {'indices': [128, 137], 'text': 'Ferguson'}]",[],unverified
500290456845299714,,Here's the police report. Somehow #Ferguson cops valued a box of Swishers at nearly $50. Time to stop smokin I guess http://t.co/8ZkvrHkApc,False,29911,513,154,"[{'indices': [34, 43], 'text': 'Ferguson'}]",[],unverified
500294803402137600,,Photos of alleged robbery involving Michael Brown in #Ferguson (via police) http://t.co/gr83XTGO1t http://t.co/7V34OtGYcn,True,1696955,261,83,"[{'indices': [53, 62], 'text': 'Ferguson'}]","[{'url': 'http://t.co/gr83XTGO1t', 'indices': [76, 98], 'expanded_url': 'http://nbcnews.to/XmXS8V', 'display_url': 'nbcnews.to/XmXS8V'}]",unverified
500295393301647360,,The other day I asked a manager at the #Ferguson Market if police had requested surveillance video. She said no.,False,2247,161,67,"[{'indices': [39, 48], 'text': 'Ferguson'}]",[],unverified
500298752469770240,,"Shoot unarmed kid.
Conceal evidence.
Impose martial law.
Harass reporters.
Smear the victim.
Worst. Police. Ever.
#Ferguson #MikeBrown",False,61890,784,420,"[{'indices': [114, 123], 'text': 'Ferguson'}, {'indices': [124, 134], 'text': 'MikeBrown'}]",[],unverified
500303431928922113,,"Reminder: Forget the robbery, forget the minor looting. NOTHING justifies militarized police pointing sniper rifles at journalists #Ferguson",False,63831,114,69,"[{'indices': [131, 140], 'text': 'Ferguson'}]",[],unverified
500307001629745152,,It appears that #Ferguson PD are trying to assassinate Mike Brown's character after literally assassinating Mike Brown.,False,488,230,52,"[{'indices': [16, 25], 'text': 'Ferguson'}]",[],unverified
500308076004929537,,"Possible ""robbery"" took place and BAM! Like magic it's as if another UNARMED black youth being murdered has been forgotten #smh #Ferguson",False,29932,129,60,"[{'indices': [123, 127], 'text': 'smh'}, {'indices': [128, 137], 'text': 'Ferguson'}]",[],unverified
500319675797209088,,"If we shot everyone in the street for stealing, imagine the carnage on Wall St. #mikebrown #ferguson",False,1933,143,99,"[{'indices': [80, 90], 'text': 'mikebrown'}, {'indices': [91, 100], 'text': 'ferguson'}]",[],unverified
500319801344929795,,"The day #Ferguson cops told a dirty, bloody lie (via @thedailybeast): http://t.co/gnAlHsS7tu http://t.co/vpqnDDVd2u",True,112552,275,98,"[{'indices': [8, 17], 'text': 'Ferguson'}]","[{'url': 'http://t.co/gnAlHsS7tu', 'indices': [70, 92], 'expanded_url': 'http://bit.ly/fke931mf', 'display_url': 'bit.ly/fke931mf'}]",unverified
500327106824245249,,"All weekend ppl will be talking about the ""robbery"" instead of the shooting bc #Ferguson PD didn't release any info about the shooting.",False,25568,116,41,"[{'indices': [79, 88], 'text': 'Ferguson'}]",[],unverified
500327120770301952,,How many white celebrities have been CAUGHT shoplifting and end up dead in streets? I'll wait. #Ferguson,False,15222,258,187,"[{'indices': [95, 104], 'text': 'Ferguson'}]",[],unverified
500332933098385408,,"If you can justify shooting an unarmed teenager by saying ""he might have been committing a misdemeanor"" you are a fucking asshole. #Ferguson",False,220,229,137,"[{'indices': [131, 140], 'text': 'Ferguson'}]",[],unverified
500341884678836224,,"Hobby Lobby asks #Ferguson PD for clarification: ""We thought chopping off someone's hand was the maximum penalty for shoplifting""",False,81745,154,137,"[{'indices': [17, 26], 'text': 'Ferguson'}]",[],unverified
500347114975944705,,New link: #Ferguson police release video they say shows a robbery involving #MichaelBrown: http://t.co/GMDuU33oed http://t.co/RaAWvjcWNu,True,97726,477,217,"[{'indices': [10, 19], 'text': 'Ferguson'}, {'indices': [76, 89], 'text': 'MichaelBrown'}]","[{'url': 'http://t.co/GMDuU33oed', 'indices': [91, 113], 'expanded_url': 'http://cnn.it/1t2QWsY', 'display_url': 'cnn.it/1t2QWsY'}]",unverified
500354773133299713,,"In 2009, #Ferguson police beat a man and charged him for bleeding on them: http://t.co/KzF6Z1l0UK",True,418674,293,119,"[{'indices': [9, 18], 'text': 'Ferguson'}]","[{'url': 'http://t.co/KzF6Z1l0UK', 'indices': [75, 97], 'expanded_url': 'http://bit.ly/1sJKcBN', 'display_url': 'bit.ly/1sJKcBN'}]",unverified
500363126294863876,,"The #Ferguson police chief just basically confirmed #MikeBrown was gunned to death for the crime of walking in the street?

Horrific.",False,14866,197,77,"[{'indices': [4, 13], 'text': 'Ferguson'}, {'indices': [52, 62], 'text': 'MikeBrown'}]",[],unverified
500363740311982081,,What's so frustrating is that now we are talking about a robbery and not the killing of an unarmed kid. #ferguson,False,39603,260,185,"[{'indices': [104, 113], 'text': 'ferguson'}]",[],unverified
500371149713178625,,In what world do you let a cop who killed someone leave town? http://t.co/T0A3rn2PeL #Ferguson,False,25527,176,62,"[{'indices': [85, 94], 'text': 'Ferguson'}]","[{'url': 'http://t.co/T0A3rn2PeL', 'indices': [62, 84], 'expanded_url': 'http://talkingpointsmemo.com/livewire/report-ferguson-officer-darren-wilson-skipped-town', 'display_url': 'talkingpointsmemo.com/livewire/repor…'}]",unverified
500377145349521411,,to be clear: an unarmed teenager POSSIBLY stealing a box of cigars does not warrant being shot to death by the police. #Ferguson,True,1320832,185,201,"[{'indices': [119, 128], 'text': 'Ferguson'}]",[],unverified
500377906305327104,,"#Ferguson PD charged #HenryDavis w/ ""destruction of property"" for bleeding on their uniforms: http://t.co/qQWPClW3tG http://t.co/5U3nMoMiF2",False,10290,201,75,"[{'indices': [0, 9], 'text': 'Ferguson'}, {'indices': [21, 32], 'text': 'HenryDavis'}]","[{'url': 'http://t.co/qQWPClW3tG', 'indices': [94, 116], 'expanded_url': 'http://thebea.st/1rBqALO', 'display_url': 'thebea.st/1rBqALO'}]",unverified
500378223977721856,,"Oh. So NOW the #Ferguson police chief says the cop didn't know about the robbery when he stopped #MikeBrown. The kid was ""jaywalking""? BS!",True,283534,104,52,"[{'indices': [15, 24], 'text': 'Ferguson'}, {'indices': [97, 107], 'text': 'MikeBrown'}]",[],true
500378522788315137,,#Ferguson police: Officer involved in fatal shooting of Michael Brown didn't know he was suspect in alleged robbery. http://t.co/L6bieyrz2a,True,4856921,120,46,"[{'indices': [0, 9], 'text': 'Ferguson'}]","[{'url': 'http://t.co/L6bieyrz2a', 'indices': [117, 139], 'expanded_url': 'http://on.wsj.com/1t7rJNd', 'display_url': 'on.wsj.com/1t7rJNd'}]",unverified
500381163866062848,,Report: #Ferguson police beat up wrong suspect then charged him for getting blood on uniforms in 2009 http://t.co/Mck8FYYOpp,True,162744,126,43,"[{'indices': [8, 17], 'text': 'Ferguson'}]","[{'url': 'http://t.co/Mck8FYYOpp', 'indices': [102, 124], 'expanded_url': 'http://bit.ly/1t3akWT', 'display_url': 'bit.ly/1t3akWT'}]",unverified
500389488217309184,,#Ferguson chief let most of day go by b4 disclosing (after repeated Qs) that cop who killed #MikeBrown knew nothing about robbery. DANGER,False,32220,150,86,"[{'indices': [0, 9], 'text': 'Ferguson'}, {'indices': [92, 102], 'text': 'MikeBrown'}]",[],unverified
500391222075076610,,"Store owner told @FOX2now Monday that there was a theft, but said it was not MichaelBrown; said it was someone else #Ferguson",True,3398,115,33,"[{'indices': [116, 125], 'text': 'Ferguson'}]",[],unverified
500394061887709184,,"The press conf makes #Ferguson PD look like they've gone from stonewalling to counter punching. We give up a name, we drag his thru the mud.",False,22919,137,79,"[{'indices': [21, 30], 'text': 'Ferguson'}]",[],unverified
500413818368184321,,"Remarkably, despite the military-style police presence in #Ferguson, a known killer was able to skip town http://t.co/lDGjp6Wt1j",False,81738,120,65,"[{'indices': [58, 67], 'text': 'Ferguson'}]","[{'url': 'http://t.co/lDGjp6Wt1j', 'indices': [106, 128], 'expanded_url': 'http://talkingpointsmemo.com/livewire/report-ferguson-officer-darren-wilson-skipped-town', 'display_url': 'talkingpointsmemo.com/livewire/repor…'}]",unverified
580319078155468800,,Germanwings Airbus A320 crashes in French Alps near Digne http://t.co/yNlWbNJmYI,True,14134290,4388,684,[],"[{'url': 'http://t.co/yNlWbNJmYI', 'indices': [58, 80], 'expanded_url': 'http://bbc.in/1bpQIaw', 'display_url': 'bbc.in/1bpQIaw'}]",true
580319184652890113,,BREAKING: 148 passengers were on board #GermanWings Airbus A320 which has crashed in the southern French Alps http://t.co/VxxvrU9XmV,True,502598,82,5,"[{'indices': [39, 51], 'text': 'GermanWings'}]","[{'url': 'http://t.co/VxxvrU9XmV', 'indices': [110, 132], 'expanded_url': 'http://english.alarabiya.net/en/News/world/2015/03/24/Airbus-plane-crashes-in-southern-France-French-police.html', 'display_url': 'english.alarabiya.net/en/News/world/…'}]",false
580320684305416192,,"Accident aircraft looks to be Germanwings (Airline code 4U or GWI) flight 9525, Barcelona to Dusseldorf. #4U9525 http://t.co/TIZc1N1ZrK",False,44760,58,10,"[{'indices': [105, 112], 'text': '4U9525'}]",[],unverified
580321156508577792,,Now hearing 148 passengers + crew on board the #A320 that has crashed in southern French Alps. #GermanWings flight. @BBCWorld,True,7846,95,17,"[{'indices': [47, 52], 'text': 'A320'}, {'indices': [95, 107], 'text': 'GermanWings'}]",[],false
580322453928431617,,German Wings airline tweeting now about reports of plane crashing in French Alps with 148 on board: @germanwings http://t.co/SqUrmcvNKt,True,756575,106,17,[],[],false
580323060533764097,,Germanwings passenger plane crashes in France: http://t.co/BSJhGgMChG,True,2742831,26,10,[],"[{'url': 'http://t.co/BSJhGgMChG', 'indices': [47, 69], 'expanded_url': 'http://on.today.com/1HvvcuR', 'display_url': 'on.today.com/1HvvcuR'}]",true
580324027715063808,,"JUST IN: Germanwings plane crashes in southern France, up to 150 feared dead http://t.co/GIZjXnqBU3",True,327148,175,17,[],"[{'url': 'http://t.co/GIZjXnqBU3', 'indices': [77, 99], 'expanded_url': 'http://cna.asia/1Gc4qcF', 'display_url': 'cna.asia/1Gc4qcF'}]",true
580325090367315968,,"Flight #4U9525 initially climbed to 38,000 feet before before it started to descend and lost signal at 6,800 feet. http://t.co/MthXQ232Hn",True,214148,1290,202,"[{'indices': [7, 14], 'text': '4U9525'}]",[],unverified
580326222107951104,,"Heart goes out to 148 passengers and crew of Germanwings Airbus A320 that has crashed in French Alps, Southern France http://t.co/K7fmJLRt4G",False,145903,257,94,[],[],false
580331561398108160,,"1047 call: DGAC source says pilots called «urgence, urgence» (“emergency, emergency”), as opposed to a mayday call or 7700 squawk. #4U9525",False,7038,111,14,"[{'indices': [131, 138], 'text': '4U9525'}]",[],false
580332109782466561,,#4U9525 From FL380 to FL110 in 8 min? That's average rate of descent 3375 fpm! Than levelled off at FL068? What the hell was going on there?,False,21139,32,15,"[{'indices': [0, 7], 'text': '4U9525'}]",[],true
580333763512705025,,"#Germanwings latest: http://t.co/8tZopIBYLh
- #Airbus A320 crashes in French Alps
- Barcelona-to-Dusseldorf flight
- 142 passengers &amp; 6 crew",True,14132292,1760,523,"[{'indices': [0, 12], 'text': 'Germanwings'}, {'indices': [46, 53], 'text': 'Airbus'}]","[{'url': 'http://t.co/8tZopIBYLh', 'indices': [21, 43], 'expanded_url': 'http://bbc.in/1EE7cD7', 'display_url': 'bbc.in/1EE7cD7'}]",false
580333909008871424,,French junior minister for Transport Alain Vidalies confirms they are no survivors in the #Germanwings #A320 crash. http://t.co/ZLIz1oY8wF,True,1523,43,1,"[{'indices': [90, 102], 'text': 'Germanwings'}, {'indices': [103, 108], 'text': 'A320'}]",[],true
580339547269144576,,"Latest on #Germanwings crash: Pilots signaled 911 before dropping out of midair; airline CEO calls this a ""dark day."" http://t.co/S5CZoWnn2T",True,5122787,95,33,"[{'indices': [10, 22], 'text': 'Germanwings'}]","[{'url': 'http://t.co/S5CZoWnn2T', 'indices': [118, 140], 'expanded_url': 'http://on.mash.to/1EE83Ut', 'display_url': 'on.mash.to/1EE83Ut'}]",false
580339825649291264,,#Germanwings passenger plane crashes in French Alps with 148 onboard http://t.co/JCDZtv8We0 http://t.co/yE0hUNdiTr,True,2168892,157,42,"[{'indices': [0, 12], 'text': 'Germanwings'}]","[{'url': 'http://t.co/JCDZtv8We0', 'indices': [69, 91], 'expanded_url': 'http://nbcnews.to/1Ovnq9L', 'display_url': 'nbcnews.to/1Ovnq9L'}]",false
580340476949086208,,BREAKING: 148 feared dead in crashed #Germanwings flight http://t.co/bnEGQsxBFL,True,418641,167,32,"[{'indices': [37, 49], 'text': 'Germanwings'}]",[],false
580348081100734464,,"#Germanwings ""sorry to confirm"" 144 passengers &amp; 6 crew on board flight #4U9525 when it crashed in French Alps http://t.co/inQlKOqZup",True,14137172,1566,497,"[{'indices': [0, 12], 'text': 'Germanwings'}, {'indices': [76, 83], 'text': '4U9525'}]","[{'url': 'http://t.co/inQlKOqZup', 'indices': [115, 137], 'expanded_url': 'http://bbc.in/1EMTxMz', 'display_url': 'bbc.in/1EMTxMz'}]",true
580360165540642816,,"@FRANCE24 reporter James André at French Civil Aviation Authority HQ: ""#Germanwings plane did NOT report distress signal"", no mayday.",False,613,27,4,"[{'indices': [71, 83], 'text': 'Germanwings'}]",[],false
580371845997682688,,"#4U9525 took eight minutes to descend from 38,000 feet to impact, says Germanwings CEO Winkelmann.",False,7043,27,9,"[{'indices': [0, 7], 'text': '4U9525'}]",[],true
580882341880446977,,Report: Co-Pilot Locked Out Of Cockpit Before Fatal Plane Crash http://t.co/aXGQuacv2E #Germanwings http://t.co/T80L7BhXX6,True,262423,31,7,"[{'indices': [87, 99], 'text': 'Germanwings'}]","[{'url': 'http://t.co/aXGQuacv2E', 'indices': [64, 86], 'expanded_url': 'http://www.buzzfeed.com/buzzfeednews/plane-crashes-in-the-french-alps', 'display_url': 'buzzfeed.com/buzzfeednews/p…'}]",true
581047170637381632,,Names of pilots rumored to be Patrick Sonderheimer with co-pilot Andreas Lubitz - No formal confirmation yet. #germanwings,False,36380,26,8,"[{'indices': [110, 122], 'text': 'germanwings'}]",[],true
581063377226637312,,#4U9525: Robin names Andreas Lubitz as the copilot in the flight deck who crashed the aircraft.,False,7419,31,3,"[{'indices': [0, 7], 'text': '4U9525'}]",[],true
581293286268129280,,GERMAN NEWS: Co-Pilot of Germanwings Airbus Was MUSLIM CONVERT. Can any muslim be trusted near an airplane now?,False,27856,45,22,[],[],false
581386094337474560,,RT @khjelmgaard: German media reporting #AndreasLubitz had a 'serious depressive episode' six years ago http://t.co/MUdmHPz2ro #Germanwings,True,1539329,33,10,"[{'indices': [40, 54], 'text': 'AndreasLubitz'}, {'indices': [127, 139], 'text': 'Germanwings'}]","[{'url': 'http://t.co/MUdmHPz2ro', 'indices': [104, 126], 'expanded_url': 'http://usat.ly/1CTinLE', 'display_url': 'usat.ly/1CTinLE'}]",unverified
581473088249958400,,GERMAN NEWS REPORT: Co-Pilot of Germanwings Airbus Was MUSLIM CONVERT …’Hero of Islamic State’? http://t.co/Pw2kxje31m via @gatewaypundit,False,102889,27,5,[],"[{'url': 'http://t.co/Pw2kxje31m', 'indices': [96, 118], 'expanded_url': 'http://ln.is/thegatewaypundit.com/LfCj2', 'display_url': 'ln.is/thegatewaypund…'}]",false
524922729485848576,,Only photo I will tweet. CPR being performed on the soldier now. I heard four shots. #ottawa http://t.co/cqdw1yx8AI,False,1209,105,10,"[{'indices': [85, 92], 'text': 'ottawa'}]",[],true
524923462398513152,,Shots fired on parliament hill after a man walked up with a gun. I'm locked in a security office on parliament hill,True,4898,168,20,[],[],true
524923676484177920,,BREAKING - Shooting on Parliament Hill. RCMP have weapons drawn #cdnpoli http://t.co/38qOgXcuet,False,10991,391,41,"[{'indices': [64, 72], 'text': 'cdnpoli'}]",[],true
524924619812511746,,Witness tells #CBCNews suspected shooter of uniformed soldier at #Ottawa's War Memorial was carrying rifle.,True,359058,184,12,"[{'indices': [14, 22], 'text': 'CBCNews'}, {'indices': [65, 72], 'text': 'Ottawa'}]",[],unverified
524925050739490816,,BREAKING NEWS: Soldier shot at National War Memorial in Ottawa http://t.co/pp6hcfWcRw,True,639325,271,28,[],"[{'url': 'http://t.co/pp6hcfWcRw', 'indices': [63, 85], 'expanded_url': 'http://www.cbc.ca/1.2808710', 'display_url': 'cbc.ca/1.2808710'}]",true
524925215235911680,,#BREAKING news: Shots fired at Parliament Hill. Follow developing story: http://t.co/gPg9nujRvk http://t.co/H0Hw24j5ma,True,543024,565,80,"[{'indices': [0, 9], 'text': 'BREAKING'}]","[{'url': 'http://t.co/gPg9nujRvk', 'indices': [73, 95], 'expanded_url': 'http://trib.al/leVL91w', 'display_url': 'trib.al/leVL91w'}]",true
524925730053181440,,"Shooter still on loose after uniformed soldier shot at #Ottawa's War Memorial, across road from Parliament. MP's being taken out of offices.",True,365930,837,66,"[{'indices': [55, 62], 'text': 'Ottawa'}]",[],unverified
524925987239120897,,Soldier shot at National War Memorial in Ottawa http://t.co/Sgmcq7gUzf #cdnpoli #hw,True,67569,155,13,"[{'indices': [71, 79], 'text': 'cdnpoli'}, {'indices': [80, 83], 'text': 'hw'}]","[{'url': 'http://t.co/Sgmcq7gUzf', 'indices': [48, 70], 'expanded_url': 'http://www.cbc.ca/news/politics/soldier-shot-at-national-war-memorial-in-ottawa-1.2808710?cmp=rss&utm_source=twitterfeed&utm_medium=twitter', 'display_url': 'cbc.ca/news/politics/…'}]",true
524926235030589440,,BREAKING NEWS: At least 3 shots fired at Ottawa War Memorial. One soldier confirmed shot - http://t.co/wiPaKVPSDb http://t.co/vwxeqj8xe9,False,198032,135,17,[],"[{'url': 'http://t.co/wiPaKVPSDb', 'indices': [91, 113], 'expanded_url': 'http://tinyurl.com/k9chkeu', 'display_url': 'tinyurl.com/k9chkeu'}]",true
524926472432410625,,"One person shot outside Centre Block, a second wounded inside the building in Parliament Hill shooting http://t.co/zng0g0aelU",False,42852,121,13,[],"[{'url': 'http://t.co/zng0g0aelU', 'indices': [103, 125], 'expanded_url': 'http://owl.li/Da3zq', 'display_url': 'owl.li/Da3zq'}]",unverified
524927281048080385,,Snipers set up on National Art Gallery as we remain barricaded in Centre Block on Parliament Hill #cdnpoli. http://t.co/lWKaxLI9jO,False,2881,937,279,"[{'indices': [98, 106], 'text': 'cdnpoli'}]",[],unverified
524929497205055488,,"Canada's Parliament Hill is on lockdown as police hunt shooting suspect; at least 1 injured - @CBCNews, @TorontoStar http://t.co/aF9HyT9BgX",True,7000118,268,45,[],"[{'url': 'http://t.co/aF9HyT9BgX', 'indices': [117, 139], 'expanded_url': 'http://www.breakingnews.com/t/WxH', 'display_url': 'breakingnews.com/t/WxH'}]",unverified
524931324763992064,,Very reliable source on Parliament Hill tells me the assailant has been killed. #cdnpoli #ottnews,True,5303,169,21,"[{'indices': [80, 88], 'text': 'cdnpoli'}, {'indices': [89, 97], 'text': 'ottnews'}]",[],true
524932056560963584,,"BREAKING: At least 20 shots have been fired in the Canadian parliament in Ottawa, according to witnesses.",False,17145,102,20,[],[],unverified
524932935137628160,,The gunman in Ottawa has been shot and killed. I'm at a loss for words this morning. That isn't my Canada.,True,590928,225,331,[],[],true
524935485370929152,,Shooting in Canadian parliament comes day after ISIS-inspired radical drove in2 Canadian soldier. Also reports of shooting at War memorial/1,True,8924,116,11,[],[],true
524936872666353664,,More shots fired just off Parliament Hill. Police telling everyone to take cover.,True,365998,1665,194,[],[],true
524937542131793920,,We are in full lock down until further notice from Ottawa Police.,False,1437,214,20,[],[],unverified
524940659778920448,,Attack on Parliament: Soldier shot; gunman on the loose. Follow our developing story: http://t.co/bo99C9HqJE http://t.co/2FXEYtTl8w,True,542809,214,14,[],"[{'url': 'http://t.co/bo99C9HqJE', 'indices': [86, 108], 'expanded_url': 'http://trib.al/iH5iBbr', 'display_url': 'trib.al/iH5iBbr'}]",unverified
524941132237910016,,Here's that dramatic video via @josh_wingrove of shots fired inside parliament building: https://t.co/1waid25vOE #Ottawa #shooting,True,1020,100,24,"[{'indices': [113, 120], 'text': 'Ottawa'}, {'indices': [121, 130], 'text': 'shooting'}]","[{'url': 'https://t.co/1waid25vOE', 'indices': [89, 112], 'expanded_url': 'https://www.youtube.com/watch?v=XrGqoISd-do', 'display_url': 'youtube.com/watch?v=XrGqoI…'}]",true
524942470472548352,,"The University of Ottawa, just a five minute walk from the Hill, is now on lockdown.",False,2156,101,7,[],[],true
524943490887991296,,"CONFIRMED | 1 shooter shot dead at Parliament Hill, but there is more than 1 suspect. #cbcOTT #OTTnews",False,66735,930,129,"[{'indices': [86, 93], 'text': 'cbcOTT'}, {'indices': [94, 102], 'text': 'OTTnews'}]",[],true
524944399890124801,,Recap: Gunman shot dead inside Parliament buildings; police believe there may be others on loose. Cdn soldier shot earlier at War Memorial.,True,366215,976,130,[],[],true
524947416869388288,,Reports now that 2nd shooter has been shot in downtown Ottawa #ottnews,False,35698,237,101,"[{'indices': [62, 70], 'text': 'ottnews'}]",[],false
524947674164760577,,BREAKING NEWS: New York Times is reporting the Canadian soldier who was shot has died from their injuries. Heartbreaking. #cdnpoli #ableg,False,6089,112,6,"[{'indices': [122, 130], 'text': 'cdnpoli'}, {'indices': [131, 137], 'text': 'ableg'}]",[],true
524947867975561216,,"Ottawa Police Service: There were ""numerous gunmen"" at the Canada War Memorial shooting. One person was shot. http://t.co/zNhxK6wBoy",True,20040953,1030,250,[],"[{'url': 'http://t.co/zNhxK6wBoy', 'indices': [110, 132], 'expanded_url': 'http://cnn.it/ZGz1gu', 'display_url': 'cnn.it/ZGz1gu'}]",false
524948866773184512,,Ottawa police issued a statement. Three separate shooting incidents. Once inside parliament. One at the war memorial. One at Rideau Centre,False,658,177,10,[],[],false
524949443607412737,,"Ottawa Police report a third shooting at Rideau Centre, no reports of injuries.",False,35949,237,73,[],[],false
524952883343925249,,Watch video showing gunfire inside Canada's parliament in Ottawa http://t.co/CJpXNAk8nS http://t.co/hxwr2NEr2K,True,11819737,1054,312,[],"[{'url': 'http://t.co/CJpXNAk8nS', 'indices': [65, 87], 'expanded_url': 'http://bbc.in/1wktR5F', 'display_url': 'bbc.in/1wktR5F'}]",true
524956129017995264,,"Police say shots fired at 3 #Ottawa sites -  National War Memorial, Parliament Hill, and now Rideau shopping centre http://t.co/rOnqpUbuqc",True,11834319,686,134,"[{'indices': [28, 35], 'text': 'Ottawa'}]","[{'url': 'http://t.co/rOnqpUbuqc', 'indices': [116, 138], 'expanded_url': 'http://bbc.in/1wkvgZW', 'display_url': 'bbc.in/1wkvgZW'}]",false
524959809402331137,,Senior U.S. official: Canadian government has informed U.S. that one shooter is dead in Ottawa. Live blog: http://t.co/q98AMohu7T,True,20006387,407,181,[],"[{'url': 'http://t.co/q98AMohu7T', 'indices': [107, 129], 'expanded_url': 'http://bit.ly/ZNPRdO', 'display_url': 'bit.ly/ZNPRdO'}]",true
524962142563610625,,"#BREAKING Rick Hughes at CBC Hamilton: 

The soldier who was shot in Ottawa Wednesday morning is a reservist serving in Hamilton",False,570,180,30,"[{'indices': [0, 9], 'text': 'BREAKING'}]",[],true
524964948683005952,,"#Ottawa police confirm to #CBCNews they are still seeking 1 or more suspects after shootings on Parliament Hill, War Memorial, nearby mall.",True,366219,721,118,"[{'indices': [0, 7], 'text': 'Ottawa'}, {'indices': [26, 34], 'text': 'CBCNews'}]",[],false
524965775036387329,,"Hero. @affanchowdhry: Kevin Vickers, head of security in parliament, being credited for taking down shooter #Ottawa http://t.co/rVYetE0KYq""",False,2050,164,68,"[{'indices': [108, 115], 'text': 'Ottawa'}]",[],true
524966904885428226,,BREAKING UPDATE: Canadian soldier injured at Parliament Hill shooting dies http://t.co/Zp9AKplH9p  #Ottawa,True,789414,129,23,"[{'indices': [99, 106], 'text': 'Ottawa'}]","[{'url': 'http://t.co/Zp9AKplH9p', 'indices': [75, 97], 'expanded_url': 'http://on.rt.com/vwyokk', 'display_url': 'on.rt.com/vwyokk'}]",true
524969201102901248,,"MPs credit sergeant-at-arms for saving lives in Parliament Hill shootings
http://t.co/3NfiSwTwPt http://t.co/V5tIbCQgj9",True,640037,414,247,[],"[{'url': 'http://t.co/3NfiSwTwPt', 'indices': [74, 96], 'expanded_url': 'http://www.cp24.com/news/mps-credit-sergeant-at-arms-for-saving-lives-in-parliament-hill-shootings-1.2065796#ixzz3GtV5KW00', 'display_url': 'cp24.com/news/mps-credi…'}]",true
524970851675176960,,Canada's parliament building locked down after shooting; at least one guard injured: http://t.co/Nrsnlg2s04 Photo: AP http://t.co/qPXF4IF6aM,True,29424,162,56,[],"[{'url': 'http://t.co/Nrsnlg2s04', 'indices': [85, 107], 'expanded_url': 'http://on.wsj.com/1wkC3TJ', 'display_url': 'on.wsj.com/1wkC3TJ'}]",unverified
524972443308683264,,Statement from Ottawa Hospital: received 3 patients. 2 in stable condition. http://t.co/zu5hYPrGDL,True,4313,144,20,[],[],unverified
524975705206304769,,#NHL cancels tonight's game between #Ottawa and #Toronto due to today's shootings. Senators were to host Maple Leafs.,True,361288,380,127,"[{'indices': [0, 4], 'text': 'NHL'}, {'indices': [36, 43], 'text': 'Ottawa'}, {'indices': [48, 56], 'text': 'Toronto'}]",[],true
524980744658382848,,"#RCMP to hold news conference on #Ottawa shootings at 2 pm ET, 11 am PT. Watch live coverage @ http://t.co/kngapKTSCe",True,361729,219,65,"[{'indices': [0, 5], 'text': 'RCMP'}, {'indices': [33, 40], 'text': 'Ottawa'}]","[{'url': 'http://t.co/kngapKTSCe', 'indices': [95, 117], 'expanded_url': 'http://cbc.ca/1.2808710', 'display_url': 'cbc.ca/1.2808710'}]",true
524981436252950528,,Canadian authorities have given name of suspect in Ottawa attacks to U.S. feds; ask for FBI assistance: Sr U.S. law enforcement official,True,18002,173,35,[],[],unverified
524983581983375360,,"Police now say there were two shooting incidents in Ottawa: one at the war memorial, the other on Parliament Hill. http://t.co/q98AMohu7T",True,20041552,502,201,[],"[{'url': 'http://t.co/q98AMohu7T', 'indices': [115, 137], 'expanded_url': 'http://bit.ly/ZNPRdO', 'display_url': 'bit.ly/ZNPRdO'}]",false
524990163446140928,,"Police have clarified that there were two shootings in Ottawa today, not three: at the War Memorial and Parliament Hill.",True,173267,273,70,[],[],false
524991576163250176,,MORE: Police believe three gunmen were involved in shootings in Ottawa this morning and are looking for two shooters. http://t.co/IHV4galEtC,True,3366613,109,28,[],"[{'url': 'http://t.co/IHV4galEtC', 'indices': [118, 140], 'expanded_url': 'http://cbsn.ws/1nzfdqJ', 'display_url': 'cbsn.ws/1nzfdqJ'}]",false
524993533212897281,,"FBI assisting in the case of the Ottawa shooting, sources have confirmed to CTV News",True,173097,228,89,[],[],unverified
524995771587108864,,This afternoon we've lowered our flags to half mast in honour of the Canadian Reservist who lost his life in Ottawa. http://t.co/3oTF5sd2Lf,False,12444,106,94,[],[],true
525003468659228672,,These are not timid colours; soldiers back guarding Tomb of Unknown Soldier after today's shooting #StandforCanada http://t.co/7KoW2xATKG,False,286,349,187,"[{'indices': [99, 114], 'text': 'StandforCanada'}]",[],false
525019752507658240,,"#ISIS Media account posts picture claiming to be Michael Zehaf-Bibeau, dead #OttawaShooting suspect. #Canada http://t.co/kWam0E4tyX",False,2582,1123,224,"[{'indices': [0, 5], 'text': 'ISIS'}, {'indices': [76, 91], 'text': 'OttawaShooting'}, {'indices': [101, 108], 'text': 'Canada'}]",[],true
525023025792835585,,"#RIPNathanCirillo

RT @globeandmail: Soldier killed at war memorial identified as Cpl. Nathan Cirillo #OttawaShooting http://t.co/uZZqmlctss",True,25178,151,58,"[{'indices': [0, 17], 'text': 'RIPNathanCirillo'}, {'indices': [102, 117], 'text': 'OttawaShooting'}]",[],true
525025279803424768,,The soldier shot dead in Wednesday's Ottawa attacks has been named as Cpl. Nathan Cirillo of #HamOnt #ottawashooting http://t.co/MxLMptnlWw,True,6540,119,36,"[{'indices': [93, 100], 'text': 'HamOnt'}, {'indices': [101, 116], 'text': 'ottawashooting'}]",[],true
525025463648137216,,BREAKING: A source confirms to CP24 that the deceased soldier in Ottawa is Cpl. Nathan Cirillo. Cirillo was a member of the Hamilton Argylls,True,638122,148,54,[],[],true
525028734991343617,,CTV News confirms that Canadian authorities have provided US authorities with the name Michael Zehaf-Bibeau in connection to Ottawa shooting,True,640090,134,54,[],[],true
525032872647065600,,"BREAKING: Michael Zehaf-Bebeau had been designated ""high-risk traveller"" by CDN govt, which confiscated his passport http://t.co/dPeMQ78jzm",False,16916,121,19,[],"[{'url': 'http://t.co/dPeMQ78jzm', 'indices': [117, 139], 'expanded_url': 'http://www.theglobeandmail.com/news/national/parliament-shooting/article21217602/', 'display_url': 'theglobeandmail.com/news/national/…'}]",unverified
525049639016615937,,This is the soldier who died today at the #Ottawa War Memorial. His name is Cpl. Nathan Cirillo. #RIP #OttawaStrong http://t.co/vhPBPq5yYk,False,18514,187,97,"[{'indices': [42, 49], 'text': 'Ottawa'}, {'indices': [97, 101], 'text': 'RIP'}, {'indices': [102, 115], 'text': 'OttawaStrong'}]",[],true
525056576038518785,,Soldier killed in Canada shooting was a young reservist with a six-year-old son http://t.co/83PReIl9XV http://t.co/LVprXOCCF7,True,672990,1082,416,[],"[{'url': 'http://t.co/83PReIl9XV', 'indices': [80, 102], 'expanded_url': 'http://fw.to/8e0qKWi', 'display_url': 'fw.to/8e0qKWi'}]",true
525058976376193024,,Our thoughts and prayers go out to Nathan Cirillo who died today in Ottawa while protecting his country at age 24 http://t.co/PfwasSALPX,False,1361,248,351,[],[],true
525060425184858112,,"The Canadian soldier killed in today's Ottawa shooting is Cpl. Nathan Cirillo, a family source told CNN. Live blog: http://t.co/D58rrFrbwq",True,20038478,374,232,[],"[{'url': 'http://t.co/D58rrFrbwq', 'indices': [116, 138], 'expanded_url': 'http://bit.ly/ZNPRdO', 'display_url': 'bit.ly/ZNPRdO'}]",true
525068915068923904,,***EXCLUSIVE*** Michael Zahaf-Bibeau caught on a #DASHCAM model sold at http://t.co/62s1bT3ecH #OttawaShooting http://t.co/LpnqAKsHZw,False,5074,105,85,"[{'indices': [49, 57], 'text': 'DASHCAM'}, {'indices': [95, 110], 'text': 'OttawaShooting'}]","[{'url': 'http://t.co/62s1bT3ecH', 'indices': [72, 94], 'expanded_url': 'http://DashCamDiaries.com', 'display_url': 'DashCamDiaries.com'}, {'url': 'http://t.co/LpnqAKsHZw', 'indices': [111, 133], 'expanded_url': 'http://youtu.be/oL0tYE1tZu0?t=36s', 'display_url': 'youtu.be/oL0tYE1tZu0?t=…'}]",true
529540733020405760,,"PRINCE IN TORONTO TONIGHT:
@3RDEYEGIRL tweeted this morning to say OTNOROT CALLING, which is Toronto backwards, obviously.... Seems it's on!",False,3664,3,7,[],[],false
529653029747064832,,Prince fans lining up at Massey Hall. Wristbands for surprise show reportedly on sale at 6pm. #Toronto http://t.co/uZBPGlfyce,False,5018,12,7,"[{'indices': [94, 102], 'text': 'Toronto'}]",[],false
529654186791944192,,Prince rumoured to be performing in surprise show in Toronto http://t.co/PEbtcmybqc http://t.co/HOoFI33eV2,True,178509,11,5,[],"[{'url': 'http://t.co/PEbtcmybqc', 'indices': [61, 83], 'expanded_url': 'http://ow.ly/DNMzr', 'display_url': 'ow.ly/DNMzr'}]",false
529660296080916480,,Prince is playing a secret show in Toronto tonight.  I will also be playing a secret show tonight involving pizza &amp; netflix bingeing.,False,31352,11,47,[],[],false
529687410611728384,,Is it true? Prince rumoured to be performing surprise show in Toronto http://t.co/EZiiLVkXyb,True,44686,7,8,[],"[{'url': 'http://t.co/EZiiLVkXyb', 'indices': [70, 92], 'expanded_url': 'http://ow.ly/DO5XT', 'display_url': 'ow.ly/DO5XT'}]",false
529689679411810304,,People talking about stupid shit like government corruption and harassment when Prince is in Toronto smh,False,345,3,5,[],[],false
529695367680761856,,OMG. #Prince rumoured to be performing in Toronto today. Exciting!,True,32054,12,9,"[{'indices': [5, 12], 'text': 'Prince'}]",[],false
529695483661664257,,Clearly prince is having a show in #toronto @TorontoComms #tdot #gta #prince #concert http://t.co/e7oktlGd1v,False,25,8,4,"[{'indices': [35, 43], 'text': 'toronto'}, {'indices': [58, 63], 'text': 'tdot'}, {'indices': [64, 68], 'text': 'gta'}, {'indices': [69, 76], 'text': 'prince'}, {'indices': [77, 85], 'text': 'concert'}]",[],false
529713467184676864,,Secret Prince show rumored for Toronto tonight http://t.co/GE2DFcFKLJ,True,2064668,31,37,[],"[{'url': 'http://t.co/GE2DFcFKLJ', 'indices': [47, 69], 'expanded_url': 'http://blbrd.cm/viDQxr', 'display_url': 'blbrd.cm/viDQxr'}]",false
529716453792956416,,Is #Prince in #Toronto? Rumours fly of surprise show... @masseyhall http://t.co/ySchlys6DA,False,59597,2,1,"[{'indices': [3, 10], 'text': 'Prince'}, {'indices': [14, 22], 'text': 'Toronto'}]","[{'url': 'http://t.co/ySchlys6DA', 'indices': [68, 90], 'expanded_url': 'http://ottawa.ctvnews.ca/video?clipId=483837&playlistId=1.2086170&binId=1.1164511&playlistPageNum=1', 'display_url': 'ottawa.ctvnews.ca/video?clipId=4…'}]",false
529720273285566464,,"In response to inquiries, we can confirm that Prince will not be performing at @masseyhall tonight.",True,35131,234,49,[],[],false
529739968470867968,,"Prince not playing Massey Hall tonight, promoter says http://t.co/clVHvM07kx http://t.co/IADirsFOOC",True,665484,26,8,[],"[{'url': 'http://t.co/clVHvM07kx', 'indices': [54, 76], 'expanded_url': 'http://www.cbc.ca/news/canada/toronto/prince-not-playing-massey-hall-tonight-promoter-says-1.2823058', 'display_url': 'cbc.ca/news/canada/to…'}]",false
576276947648405505,,Coup in #Russia? Good article by @Forbes. http://t.co/aaNCpb0blW #RamzanKadyrov #Putin #putindead http://t.co/OfivdTlTbO,False,1485,4,4,"[{'indices': [8, 15], 'text': 'Russia'}, {'indices': [65, 79], 'text': 'RamzanKadyrov'}, {'indices': [80, 86], 'text': 'Putin'}, {'indices': [87, 97], 'text': 'putindead'}]","[{'url': 'http://t.co/aaNCpb0blW', 'indices': [42, 64], 'expanded_url': 'http://onforb.es/1BAYVBl', 'display_url': 'onforb.es/1BAYVBl'}]",unverified
576319832800555008,,Hoppla! @L0gg0l: Swiss Rumors: Putin absence due to girlfriend Alina giving birth in Ticino http://t.co/vZnGDH1Qys http://t.co/5TvXSdvd1H,False,136179,69,26,[],"[{'url': 'http://t.co/vZnGDH1Qys', 'indices': [92, 114], 'expanded_url': 'http://www.blick.ch/news/schweiz/tessin/heisses-geruecht-um-alina-kabajewa-bringt-sie-putins-kind-im-tessin-zur-welt-id3563547.html', 'display_url': 'blick.ch/news/schweiz/t…'}]",unverified
576323086888361984,,This appears to be the original source of the Putin/Kabayeva/Swiss clinic rumour http://t.co/bKfJTSGdca,True,46401,42,13,[],"[{'url': 'http://t.co/bKfJTSGdca', 'indices': [81, 103], 'expanded_url': 'http://www.blick.ch/news/schweiz/tessin/heisses-geruecht-um-alina-kabajewa-bringt-sie-putins-kind-im-tessin-zur-welt-id3563547.html', 'display_url': 'blick.ch/news/schweiz/t…'}]",unverified
576513463738109954,,Putin reappears on TV amid claims he is unwell and under threat of coup http://t.co/YZln23EUx1 http://t.co/ZsAnBa5gz3,True,937430,53,20,[],"[{'url': 'http://t.co/YZln23EUx1', 'indices': [72, 94], 'expanded_url': 'http://dailym.ai/1GBg3Yx', 'display_url': 'dailym.ai/1GBg3Yx'}]",unverified
576755174531862529,,Coup? RT @jimgeraghty: Rumors all Russian military attaches at embassy in London have returned to Moscow: http://t.co/e8ZoFxtfHX,False,14471,4,0,[],"[{'url': 'http://t.co/e8ZoFxtfHX', 'indices': [106, 128], 'expanded_url': 'http://bit.ly/1FeqouO', 'display_url': 'bit.ly/1FeqouO'}]",unverified
576796432730071040,,Unformed Russian Embassy staff in London have left for Russia  Rumours Putin HAS DIED! http://t.co/zSIV8w6FJ2 via @ShaunyNews #PutinDead?,False,5011,5,2,"[{'indices': [126, 136], 'text': 'PutinDead'}]","[{'url': 'http://t.co/zSIV8w6FJ2', 'indices': [87, 109], 'expanded_url': 'http://wp.me/p4thS8-3Z7', 'display_url': 'wp.me/p4thS8-3Z7'}]",false
576812998418939904,,Putin reappears on television amid rumours his 'girlfriend' is about 2 give birth http://t.co/yJuN1F0QXE http://t.co/B7FXmo03jK @Scofield_Fx,False,1372,2,0,[],"[{'url': 'http://t.co/yJuN1F0QXE', 'indices': [82, 104], 'expanded_url': 'http://dailym.ai/18L6L0C', 'display_url': 'dailym.ai/18L6L0C'}]",unverified
576829262927413248,,Very good on #Putin coup by @CoalsonR: Three Scenarios For A Succession In Russia http://t.co/fotdqxDfEV via @RFERL http://t.co/RdA0giizeb,False,20968,68,36,"[{'indices': [13, 19], 'text': 'Putin'}]","[{'url': 'http://t.co/fotdqxDfEV', 'indices': [82, 104], 'expanded_url': 'http://www.rferl.org/content/russia-succession-scenarios/26899859.html', 'display_url': 'rferl.org/content/russia…'}]",unverified
577258317942149120,,Was Vladimir Putin netralized by an internal coup? Or maybe he's vacationing in Harper's closet:  http://t.co/tlr3cFLEyv #LookingForNarnia,False,11502,7,4,"[{'indices': [121, 138], 'text': 'LookingForNarnia'}]","[{'url': 'http://t.co/tlr3cFLEyv', 'indices': [98, 120], 'expanded_url': 'http://linkis.com/www.dailymail.co.uk/XL62C', 'display_url': 'linkis.com/www.dailymail.…'}]",unverified
544268732046913536,,#BREAKING: Hostages are being held and a siege is taking place at Sydney's Lindt Chocolat Cafe in Martin Place.,True,150994,108,9,"[{'indices': [0, 9], 'text': 'BREAKING'}]",[],true
544269749405097984,,BREAKING: Live coverage of hostage situation unfolding in Sydney's Martin Place http://t.co/TTG8ye71Zg http://t.co/iTwradHTb3,True,170463,483,88,[],"[{'url': 'http://t.co/TTG8ye71Zg', 'indices': [80, 102], 'expanded_url': 'http://bit.ly/1wQXa3G', 'display_url': 'bit.ly/1wQXa3G'}]",true
544271069146656768,,We understand there are two gunmen and up to a dozen hostages inside the cafe under siege at Sydney.. ISIS flags remain on display #7News,True,1672,364,20,"[{'indices': [131, 137], 'text': '7News'}]",[],false
544271284796784640,,"DEVELOPING: Gunman Takes Hostages In Sydney Cafe, 'ISIS' Flags Being Held Against Window - http://t.co/gDkig15YuN http://t.co/suVfoMmBwM",False,110901,177,20,[],"[{'url': 'http://t.co/gDkig15YuN', 'indices': [91, 113], 'expanded_url': 'http://bit.ly/1qOKG9P', 'display_url': 'bit.ly/1qOKG9P'}]",true
544271362022338560,,"Black Islamic flag being held up in window of #lindt chocolate store in Martin Place, Sydney - hostages inside. http://t.co/fAV7PEuY6P",True,1148,208,35,"[{'indices': [46, 52], 'text': 'lindt'}]",[],true
544272537341812736,,SYDNEY SIEGE: Gunman forces hostages to hold up ISIS flag in window http://t.co/9K3XXEiSFa http://t.co/cATxCjYXpy,True,2115,404,51,[],"[{'url': 'http://t.co/9K3XXEiSFa', 'indices': [68, 90], 'expanded_url': 'http://dailym.ai/134wluW', 'display_url': 'dailym.ai/134wluW'}]",false
544274934835707905,,Several people being held hostage at a Sydney cafe. Australian tv showing people with  hands up against a window: http://t.co/AD2PR4OPFq,True,8175508,762,113,[],"[{'url': 'http://t.co/AD2PR4OPFq', 'indices': [114, 136], 'expanded_url': 'http://bbc.in/1ssDEJ0', 'display_url': 'bbc.in/1ssDEJ0'}]",true
544277117039837184,,Flag in window of Sydney Lindt cafe not an ISIS flag. Reads: ‘There is no God but Allah and Muhammad is the messenger of God’ (@liztilley84),True,150995,390,48,[],[],true
544277860555710464,,ISIS -holding a Cafe hostage in Sydney- forcing Hostages to press ISIS flags against the Windows #DramaAlert HOT! http://t.co/XwXLvvWc76,False,171398,102,100,"[{'indices': [97, 108], 'text': 'DramaAlert'}]",[],false
544278335455776769,,"#BREAKING Hostages held inside Sydney cafe, Islamic flag held up",True,282320,219,23,"[{'indices': [0, 9], 'text': 'BREAKING'}]",[],true
544278985249550337,,Geoblock lifted on #ABCNews24. Streaming coverage of the Martin Place siege in Sydney here  http://t.co/HvQuvP4SIb.,True,63559,305,55,"[{'indices': [19, 29], 'text': 'ABCNews24'}]","[{'url': 'http://t.co/HvQuvP4SIb', 'indices': [92, 114], 'expanded_url': 'http://abc.net.au/news24', 'display_url': 'abc.net.au/news24'}]",true
544282005941530624,,Hostages in Sydney cafe made to hold up Islamic flags http://t.co/I1PsUPekkB,True,702080,103,51,[],"[{'url': 'http://t.co/I1PsUPekkB', 'indices': [54, 76], 'expanded_url': 'http://nyp.st/16mRnXH', 'display_url': 'nyp.st/16mRnXH'}]",true
544282227035869184,,"BREAKING NEWS: Gunmen take hostages at Sydney cafe, wave Islamic flag http://t.co/zmSo3ARDVs http://t.co/HFW40OyVUz",False,202022,197,57,[],"[{'url': 'http://t.co/zmSo3ARDVs', 'indices': [70, 92], 'expanded_url': 'http://tinyurl.com/qgkakkm', 'display_url': 'tinyurl.com/qgkakkm'}]",true
544283772569788416,,Live Updates: Siege in Sydney Cafe http://t.co/aNIHU5DlLj,True,1732248,180,49,[],"[{'url': 'http://t.co/aNIHU5DlLj', 'indices': [35, 57], 'expanded_url': 'http://news.sky.com/story/1391978/live-updates-siege-in-sydney-cafe', 'display_url': 'news.sky.com/story/1391978/…'}]",true
544287209730236416,,"Sydney Opera House evacuated, concourse deserted http://t.co/NMbuLCimKV #SydneySiege (via @cberkman) http://t.co/QYlOU0REVw",True,15396,149,32,"[{'indices': [72, 84], 'text': 'SydneySiege'}]","[{'url': 'http://t.co/NMbuLCimKV', 'indices': [49, 71], 'expanded_url': 'http://www.buzzfeed.com/bradesposito/martinplace', 'display_url': 'buzzfeed.com/bradesposito/m…'}]",unverified
544288681021145090,,Up to 20 held hostage in Sydney Lindt Cafe siege http://t.co/4KisV2PKI5 http://t.co/qIaa63SCQk,True,937955,168,24,[],"[{'url': 'http://t.co/4KisV2PKI5', 'indices': [49, 71], 'expanded_url': 'http://ind.pn/1w7IWcM', 'display_url': 'ind.pn/1w7IWcM'}]",false
544289311504355328,,Statement from Prime Minister Tony Abbott on Sydney hostage situation. http://t.co/MHkNRZFQWB,True,19266,211,45,[],[],true
544289409294553088,,Full statement from PM Abbott on #Sydneysiege #MartinPlace #Lindt. http://t.co/7ilKZGNBDz,True,79481,184,29,"[{'indices': [33, 45], 'text': 'Sydneysiege'}, {'indices': [46, 58], 'text': 'MartinPlace'}, {'indices': [59, 65], 'text': 'Lindt'}]",[],true
544289941996326912,,Prime Minister Tony Abbott's statement on the #SydneySiege. Updates: http://t.co/EgWHAnjO35 http://t.co/AGhyN5Qkei,True,230663,153,32,"[{'indices': [46, 58], 'text': 'SydneySiege'}]","[{'url': 'http://t.co/EgWHAnjO35', 'indices': [69, 91], 'expanded_url': 'http://bit.ly/13ojWTI', 'display_url': 'bit.ly/13ojWTI'}]",true
544290258951892992,,Central Sydney shut down by police amid ongoing hostage situation: http://t.co/TvAlMmqFxP,True,5446500,149,47,[],"[{'url': 'http://t.co/TvAlMmqFxP', 'indices': [67, 89], 'expanded_url': 'http://on.wsj.com/16mVQts', 'display_url': 'on.wsj.com/16mVQts'}]",true
544291804057960448,,FIRST PHOTOS: Hostage pressed against a window. #SydneySiege http://t.co/MOy8zCHp5a,False,101550,200,67,"[{'indices': [48, 60], 'text': 'SydneySiege'}]",[],true
544291965513134080,,"According to Seven, this is a picture of the gunman http://t.co/3Zor3gSOSO",True,10813,116,20,[],[],true
544292129972170752,,BREAKING ALERT: Preliminary reports indicate perpetrators appear to be members of #ISIS. #SydneySiege,False,101553,117,30,"[{'indices': [82, 87], 'text': 'ISIS'}, {'indices': [89, 101], 'text': 'SydneySiege'}]",[],false
544292670336925696,,UPDATE: 13 hostages inside Sydney coffee shop near Sydney Opera House; Abbott will deliver a statement shortly. #ISISAttacks #sydneyseige,False,101549,138,43,"[{'indices': [112, 124], 'text': 'ISISAttacks'}, {'indices': [125, 137], 'text': 'sydneyseige'}]",[],false
544293753130082305,,DETAILS: The hostage site is Lindt Chocolat Cafe near #Sydney Harbor http://t.co/1ZlzKDjvSf http://t.co/7u8EFUwCey,True,824505,109,27,"[{'indices': [54, 61], 'text': 'Sydney'}]","[{'url': 'http://t.co/1ZlzKDjvSf', 'indices': [69, 91], 'expanded_url': 'http://on.rt.com/7r03cn', 'display_url': 'on.rt.com/7r03cn'}]",false
544297696308518912,,"UPDATE: 13 people being held hostage in #Sydney shop, Opera House evacuated after suspicious package found: reports http://t.co/n4D3yGjso9",True,4636605,345,106,"[{'indices': [40, 47], 'text': 'Sydney'}]","[{'url': 'http://t.co/n4D3yGjso9', 'indices': [116, 138], 'expanded_url': 'http://fxn.ws/1xiQxGQ', 'display_url': 'fxn.ws/1xiQxGQ'}]",false
544301453717041152,,BREAKING UPDATE: Gunman says four devices are located around Sydney. Security response underway. Police calling for calm. 9News,False,202003,338,66,[],[],true
544305540286148609,,A man believed to be the gunman filmed wearing a black headband inside the cafe http://t.co/7ixIlhiVXZ http://t.co/dOW5zfm1uU,True,2051,109,18,[],"[{'url': 'http://t.co/7ixIlhiVXZ', 'indices': [80, 102], 'expanded_url': 'http://dailym.ai/1yROKZM', 'display_url': 'dailym.ai/1yROKZM'}]",true
544305745416581120,,Police stand guard as hostages are held in a cafe in Sydney. Follow AFP's LIVE REPORT: http://t.co/yKWnSmShSY http://t.co/wyjunPbDfo,True,282186,161,22,[],"[{'url': 'http://t.co/yKWnSmShSY', 'indices': [87, 109], 'expanded_url': 'http://u.afp.com/E2p', 'display_url': 'u.afp.com/E2p'}]",false
544306402731507712,,#pmharper tweets 'Canada's thoughts and prayers are with our Australian friends.' 13-40 hostages held in cafe in #Sydney. #SydneySiege,True,402366,117,38,"[{'indices': [0, 9], 'text': 'pmharper'}, {'indices': [113, 120], 'text': 'Sydney'}, {'indices': [122, 134], 'text': 'SydneySiege'}]",[],false
544306719686656000,,"US evacuated Consulate in Sydney after #sydneysiege. Emergency warning to U.S. citizens urging them to ""maintain high level of vigilance"".",True,34994,245,69,"[{'indices': [39, 51], 'text': 'sydneysiege'}]",[],unverified
544309275141885952,,Approximately 50 hostages may be held captive at #Lindt café – local reports http://t.co/1ZlzKDjvSf #sydneysiege http://t.co/NvLr5kyQG8,True,824767,432,91,"[{'indices': [49, 55], 'text': 'Lindt'}, {'indices': [100, 112], 'text': 'sydneysiege'}]","[{'url': 'http://t.co/1ZlzKDjvSf', 'indices': [77, 99], 'expanded_url': 'http://on.rt.com/7r03cn', 'display_url': 'on.rt.com/7r03cn'}]",false
544310853613281281,,The Sydney cafe siege may be part of a larger plot. @Y7News #MartinPlaceSiege http://t.co/f2aTNEpjmh http://t.co/DE4IBxv73K,True,42339,138,55,"[{'indices': [60, 77], 'text': 'MartinPlaceSiege'}]","[{'url': 'http://t.co/f2aTNEpjmh', 'indices': [78, 100], 'expanded_url': 'http://au.news.yahoo.com/video/watch/25773418/attack-may-be-apart-of-larger-plot/?cmp=twitter', 'display_url': 'au.news.yahoo.com/video/watch/25…'}]",false
544314234541469696,,Uber intros surge pricing in downtown Sydney during hostage siege http://t.co/XWGe9MpUzU http://t.co/cwhIiozFNr,True,4814814,296,76,[],"[{'url': 'http://t.co/XWGe9MpUzU', 'indices': [66, 88], 'expanded_url': 'http://on.mash.to/1GnzYLc', 'display_url': 'on.mash.to/1GnzYLc'}]",true
544319274072817664,,"Ray Hadley says he spoke with hostage, and could hear the gunman in the background barking orders and demanding to go live on air",True,15056,140,58,[],[],true
544319832486064128,,"Hostage situation erupts in Sydney cafe, Australian prime minister says it may be ""politically motivated"" http://t.co/439C1MkRWf",True,4449631,271,45,[],"[{'url': 'http://t.co/439C1MkRWf', 'indices': [106, 128], 'expanded_url': 'http://apne.ws/1st6JnS', 'display_url': 'apne.ws/1st6JnS'}]",true
544324444773433348,,"Uber says it has hiked prices in Sydney to ""encourage more drivers to come online &amp; pick up passengers."" http://t.co/MCJ0rMSXPc #SydneySiege",True,4814829,154,33,"[{'indices': [132, 144], 'text': 'SydneySiege'}]","[{'url': 'http://t.co/MCJ0rMSXPc', 'indices': [109, 131], 'expanded_url': 'http://on.mash.to/1yRZojp', 'display_url': 'on.mash.to/1yRZojp'}]",true
544328894812549121,,"#SYDNEYSIEGE: Hostage-takers ‘have suicide belts, demand radio convo with #Abbott’ – report http://t.co/1ZlzKDjvSf http://t.co/7Jej7i4SlO",True,824828,562,142,"[{'indices': [0, 12], 'text': 'SYDNEYSIEGE'}, {'indices': [74, 81], 'text': 'Abbott'}]","[{'url': 'http://t.co/1ZlzKDjvSf', 'indices': [92, 114], 'expanded_url': 'http://on.rt.com/7r03cn', 'display_url': 'on.rt.com/7r03cn'}]",unverified
544329935943237632,,Uber Sydney trips from CBD will be free for riders. Higher rates are still in place to encourage drivers to get into the CBD.,True,5051,491,178,[],[],true
544333764814323713,,"Gunman's headband reads, ""We are your soldiers O Muhammad"".
#MartinPlace #SydneySiege http://t.co/ggUgP4kV9c",False,253,145,20,"[{'indices': [60, 72], 'text': 'MartinPlace'}, {'indices': [73, 85], 'text': 'SydneySiege'}]",[],unverified
544350567183556608,,We can see people coming out a firedoor near the Lindt cafe to waiting police. 2-3 people. Hard to see. #sydneysiege,True,16012,124,49,"[{'indices': [104, 116], 'text': 'sydneysiege'}]",[],true
544350712365207552,,#BREAKING Reports two customers and an employee have escaped the #SydneySiege http://t.co/fSLeobzxHh,True,72203,145,60,"[{'indices': [0, 9], 'text': 'BREAKING'}, {'indices': [65, 77], 'text': 'SydneySiege'}]","[{'url': 'http://t.co/fSLeobzxHh', 'indices': [78, 100], 'expanded_url': 'http://bit.ly/1ssHzWs', 'display_url': 'bit.ly/1ssHzWs'}]",true
544352727971954690,,"Local media: 3 people appear to escape from Martin Place, Sydney, café, amid hostage situation - @ABCNews http://t.co/N5mmnilz4Z",True,7125070,212,70,[],"[{'url': 'http://t.co/N5mmnilz4Z', 'indices': [106, 128], 'expanded_url': 'http://www.breakingnews.com/t/Z5R', 'display_url': 'breakingnews.com/t/Z5R'}]",true
544358533819420672,,BREAKING: Three hostages appear to have escaped the Sydney cafe where a siege remains ongoing. http://t.co/akfqcnbofX #sydneyseige,True,2926713,166,56,"[{'indices': [118, 130], 'text': 'sydneyseige'}]","[{'url': 'http://t.co/akfqcnbofX', 'indices': [95, 117], 'expanded_url': 'http://cnn.it/13oqYYr', 'display_url': 'cnn.it/13oqYYr'}]",true
544358564484378624,,Police: Negotiators are now in contact with armed hostage-taker in Sydney situation; motive remains unknown - http://t.co/mp18E4DdjW,True,3775576,114,24,[],"[{'url': 'http://t.co/mp18E4DdjW', 'indices': [110, 132], 'expanded_url': 'http://abcn.ws/1Ab6P2k', 'display_url': 'abcn.ws/1Ab6P2k'}]",true
544367462012432384,,"MORE: Police confirm 3 hostages escape Sydney cafe, unknown number remain inside http://t.co/pcAt91LIdS #Sydneysiege",True,4637065,117,76,"[{'indices': [104, 116], 'text': 'Sydneysiege'}]","[{'url': 'http://t.co/pcAt91LIdS', 'indices': [81, 103], 'expanded_url': 'http://fxn.ws/1GFRtou', 'display_url': 'fxn.ws/1GFRtou'}]",true
544374511194632192,,UPDATE: Total of 5 people have been able to get out of Sydney cafe during hostage situation: http://t.co/mp18E4DdjW http://t.co/n5vhI5DsZg,True,3775737,220,112,[],"[{'url': 'http://t.co/mp18E4DdjW', 'indices': [93, 115], 'expanded_url': 'http://abcn.ws/1Ab6P2k', 'display_url': 'abcn.ws/1Ab6P2k'}]",true
544380742076088320,,"This is shot that captures the #sydneysiege: sheer terror/relief of escaped hostages, incredible work of @nswpolice http://t.co/iCffJZ9NuZ",False,4931,441,267,"[{'indices': [31, 43], 'text': 'sydneysiege'}]",[],true
544381485591982083,,Reports on @channeltennews #sydneysiege gunman wants #ISIL flag delivered to cafe and he also wants to speak to PM or people will be killed.,True,5520,120,20,"[{'indices': [27, 39], 'text': 'sydneysiege'}, {'indices': [53, 58], 'text': 'ISIL'}]",[],true
544382892378714113,,Five Hostages Escape Sydney Cafe Siege — Live Updates From @BuzzFeedOz http://t.co/aFHirytbFH http://t.co/BiLJuBBc5R,True,187975,138,138,[],"[{'url': 'http://t.co/aFHirytbFH', 'indices': [71, 93], 'expanded_url': 'http://www.buzzfeed.com/bradesposito/martinplace', 'display_url': 'buzzfeed.com/bradesposito/m…'}]",true
544391176137089024,,"Hostage taker in Sydney cafe demands ISIS flag and call with Australian PM, Sky News reports. http://t.co/a2vgrn30Xh #sydneysiege",True,2927521,246,34,"[{'indices': [117, 129], 'text': 'sydneysiege'}]","[{'url': 'http://t.co/a2vgrn30Xh', 'indices': [94, 116], 'expanded_url': 'http://cnn.it/1wRNTZ0', 'display_url': 'cnn.it/1wRNTZ0'}]",true
544391533240516608,,Five hostages have escaped the besieged Lindt Cafe in #Sydney | Our latest update: http://t.co/XJVICQdu0y http://t.co/aNGBZsCmdQ,True,2197338,140,52,"[{'indices': [54, 61], 'text': 'Sydney'}]","[{'url': 'http://t.co/XJVICQdu0y', 'indices': [83, 105], 'expanded_url': 'http://aje.me/16nDmZU', 'display_url': 'aje.me/16nDmZU'}]",true
544399927045283840,,"NSW Police confirm 5 hostages have emerged from #sydneysiege and they are negotiating: ""It might take a bit of time"" http://t.co/le9r9REzdR",True,12524120,572,241,"[{'indices': [48, 60], 'text': 'sydneysiege'}]","[{'url': 'http://t.co/le9r9REzdR', 'indices': [117, 139], 'expanded_url': 'http://bbc.in/1vQGS3M', 'display_url': 'bbc.in/1vQGS3M'}]",true
544462330105712640,,Sydney airspace wasn't closed. A second terror suspect wasn't arrested. Myths around #sydneysiege debunked. http://t.co/yTLKLUKnFd,True,306687,116,45,"[{'indices': [85, 97], 'text': 'sydneysiege'}]","[{'url': 'http://t.co/yTLKLUKnFd', 'indices': [108, 130], 'expanded_url': 'http://ow.ly/FTzHU', 'display_url': 'ow.ly/FTzHU'}]",false
544476808566276097,,TV channels have chosen not to show videos of hostages relaying #sydneysiege gunman's demands. http://t.co/5jtd36wFOU http://t.co/oKJPRv40l3,True,1730647,157,79,"[{'indices': [64, 76], 'text': 'sydneysiege'}]","[{'url': 'http://t.co/5jtd36wFOU', 'indices': [95, 117], 'expanded_url': 'http://news.sky.com/story/1391970/sydney-siege-gunman-switches-lights-out', 'display_url': 'news.sky.com/story/1391970/…'}]",true
544491151118860289,,"SYDNEY HOSTAGE-TAKER
- Man Monis, 49
- Originally from Iran
- Self-styled sheikh
- Accused of sexually assaulting 7 women
DEVELOPING..",False,201476,121,33,[],[],true
544504183341064192,,"Escaped #SydneySiege hostage, Elly Chen, a top student and skilled sportswoman http://t.co/cOyz8N2IMb http://t.co/48YdSm7lJB",False,442770,182,130,"[{'indices': [8, 20], 'text': 'SydneySiege'}]","[{'url': 'http://t.co/cOyz8N2IMb', 'indices': [79, 101], 'expanded_url': 'http://bit.ly/1BJuW9q', 'display_url': 'bit.ly/1BJuW9q'}]",true
544510450101415936,,"Several more hostages flee from cafe under siege in Sydney, local media say http://t.co/YjuafDPNEY",True,12523793,288,146,[],"[{'url': 'http://t.co/YjuafDPNEY', 'indices': [76, 98], 'expanded_url': 'http://bbc.in/1GoJGNn', 'display_url': 'bbc.in/1GoJGNn'}]",unverified
544511199702822913,,POLICE MOVE IN: Police confirm live ammunition used in Martin Place #sydneysiege,True,42209,106,41,"[{'indices': [68, 80], 'text': 'sydneysiege'}]",[],true
544512108885725184,,Paramedics are currently carrying out a number of hostages in #MartinPl. #SydneySiege #9News,True,26144,154,53,"[{'indices': [62, 71], 'text': 'MartinPl'}, {'indices': [73, 85], 'text': 'SydneySiege'}, {'indices': [86, 92], 'text': '9News'}]",[],true
544512664769396736,,"BREAKING: Police enter #Lindt cafe, hostages flee http://t.co/iuaLgRi7jj  #sydneysiege http://t.co/hXZ8EffN3f",True,824634,269,61,"[{'indices': [23, 29], 'text': 'Lindt'}, {'indices': [74, 86], 'text': 'sydneysiege'}]","[{'url': 'http://t.co/iuaLgRi7jj', 'indices': [50, 72], 'expanded_url': 'http://on.rt.com/9keykd', 'display_url': 'on.rt.com/9keykd'}]",true
544512676643500033,,BREAKING  @SkyBusiness: freed hostage borne high from #sydneysiege w/c.4 paramedic teams on the scene http://t.co/DKBQI5tx4B ( carsonscottLI,True,150323,159,34,"[{'indices': [54, 66], 'text': 'sydneysiege'}]",[],true
544512910538838016,,"UPDATE: Hostages fleeing #Sydney cafe held by Iranian gunman as explosions, gunshots are heard: http://t.co/WrPVZSJHlX",True,4636556,142,45,"[{'indices': [25, 32], 'text': 'Sydney'}]","[{'url': 'http://t.co/WrPVZSJHlX', 'indices': [96, 118], 'expanded_url': 'http://fxn.ws/136llgw', 'display_url': 'fxn.ws/136llgw'}]",unverified
544513524438155264,,"Sydney siege: police enter cafe as hostages flee the scene, gunfire heard, reports of an injured person – live http://t.co/c4xbud6a3m",True,1522763,106,1,[],"[{'url': 'http://t.co/c4xbud6a3m', 'indices': [111, 133], 'expanded_url': 'http://gu.com/p/447xt/tw', 'display_url': 'gu.com/p/447xt/tw'}]",true
544514564407427072,,"Police seem relaxed, suggesting all hostages are out and gunman no longer a threat http://t.co/xheuclMCmj #sydneysiege",True,1961,120,39,"[{'indices': [106, 118], 'text': 'sydneysiege'}]","[{'url': 'http://t.co/xheuclMCmj', 'indices': [83, 105], 'expanded_url': 'http://dailym.ai/1wzJFSs', 'display_url': 'dailym.ai/1wzJFSs'}]",true
544514570367168512,,"#SydneySiege: Latest video of hostages escaping.
https://t.co/eFfgSbt2hO",True,4636479,293,111,"[{'indices': [0, 12], 'text': 'SydneySiege'}]","[{'url': 'https://t.co/eFfgSbt2hO', 'indices': [49, 72], 'expanded_url': 'https://amp.twimg.com/v/0db8b7fb-eccf-474e-be8e-164c5f55183b', 'display_url': 'amp.twimg.com/v/0db8b7fb-ecc…'}]",unverified
544515538383564801,,"Haron Monis,Hostage-taker in #Sydney: Fled #Iran 96,suspect in ex-wife killing,46 sex assaults http://t.co/3caiB9OnFg http://t.co/vfOXjtrGgZ",False,8159,191,33,"[{'indices': [29, 36], 'text': 'Sydney'}, {'indices': [43, 48], 'text': 'Iran'}]","[{'url': 'http://t.co/3caiB9OnFg', 'indices': [95, 117], 'expanded_url': 'http://www.9news.com.au/national/2014/12/16/00/48/sydney-hostage-taker-named-as-man-monis', 'display_url': '9news.com.au/national/2014/…'}]",true
544517264054423552,,#BREAKING: Police have confirmed that the #SydneySiege is over. #9News,True,26261,677,275,"[{'indices': [0, 9], 'text': 'BREAKING'}, {'indices': [42, 54], 'text': 'SydneySiege'}, {'indices': [64, 70], 'text': '9News'}]",[],true
544518335019229184,,#BREAKING: At least two people have died following the #SydneySiege. 5 people are being treated by paramedics.,False,4301,251,45,"[{'indices': [0, 9], 'text': 'BREAKING'}, {'indices': [55, 67], 'text': 'SydneySiege'}]",[],true
544520042810200064,,"#sydneysiege is over. 2 confirmed dead, #PrayForSydney #PrayForSydneyHostages #Sydney #hostages",False,74034,101,22,"[{'indices': [0, 12], 'text': 'sydneysiege'}, {'indices': [40, 54], 'text': 'PrayForSydney'}, {'indices': [55, 77], 'text': 'PrayForSydneyHostages'}, {'indices': [78, 85], 'text': 'Sydney'}, {'indices': [86, 95], 'text': 'hostages'}]",[],true
544520273718812672,,Police confirm that #sydneysiege is finally over. Two people reportedly injured after suffering gunshot wounds http://t.co/nsprnSYTDT,True,90208,110,133,"[{'indices': [20, 32], 'text': 'sydneysiege'}]",[],true
